DATA_INIZIO,3000001_111,3000001_5
2010-01-01,33.0,
2010-01-02,4.0,
2010-01-03,15.0,
2010-01-04,,
2010-01-05,,
2010-01-06,,
2010-01-07,,
2010-01-08,,
2010-01-09,,
2010-01-10,,
2010-01-11,,
2010-01-12,46.0,
2010-01-13,60.0,
2010-01-14,54.0,
2010-01-15,67.0,
2010-01-16,47.0,
2010-01-17,64.0,
2010-01-18,62.0,
2010-01-19,41.0,
2010-01-20,44.0,
2010-01-21,60.0,
2010-01-22,53.0,
2010-01-23,55.0,
2010-01-24,60.0,
2010-01-25,80.0,
2010-01-26,67.0,
2010-01-27,39.0,
2010-01-28,37.0,
2010-01-29,67.0,
2010-01-30,81.0,
2010-01-31,24.0,
2010-02-01,30.0,
2010-02-02,39.0,
2010-02-03,42.0,
2010-02-04,62.0,
2010-02-05,77.0,
2010-02-06,14.0,
2010-02-07,23.0,
2010-02-08,27.0,
2010-02-09,51.0,
2010-02-10,,
2010-02-11,27.0,
2010-02-12,27.0,
2010-02-13,33.0,
2010-02-14,50.0,
2010-02-15,64.0,
2010-02-16,68.0,
2010-02-17,47.0,
2010-02-18,33.0,
2010-02-19,20.0,
2010-02-20,8.0,
2010-02-21,15.0,
2010-02-22,27.0,
2010-02-23,24.0,
2010-02-24,32.0,
2010-02-25,33.0,
2010-02-26,27.0,
2010-02-27,9.0,
2010-02-28,36.0,
2010-03-01,29.0,
2010-03-02,26.0,
2010-03-03,23.0,
2010-03-04,8.0,
2010-03-05,15.0,
2010-03-06,14.0,
2010-03-07,25.0,
2010-03-08,27.0,
2010-03-09,20.0,
2010-03-10,16.0,
2010-03-11,33.0,
2010-03-12,43.0,
2010-03-13,43.0,
2010-03-14,43.0,
2010-03-15,32.0,
2010-03-16,13.0,
2010-03-17,18.0,
2010-03-18,17.0,
2010-03-19,19.0,
2010-03-20,25.0,
2010-03-21,63.0,
2010-03-22,58.0,
2010-03-23,23.0,
2010-03-24,19.0,
2010-03-25,35.0,
2010-03-26,22.0,
2010-03-27,5.0,
2010-03-28,6.0,
2010-03-29,15.0,
2010-03-30,5.0,
2010-03-31,8.0,
2010-04-01,6.0,
2010-04-02,11.0,
2010-04-03,19.0,
2010-04-04,18.0,
2010-04-05,6.0,
2010-04-06,8.0,
2010-04-07,16.0,
2010-04-08,18.0,
2010-04-09,20.0,
2010-04-10,17.0,
2010-04-11,5.0,
2010-04-12,10.0,
2010-04-13,11.0,
2010-04-14,10.0,
2010-04-15,15.0,
2010-04-16,15.0,
2010-04-17,14.0,
2010-04-18,9.0,
2010-04-19,7.0,
2010-04-20,12.0,
2010-04-21,13.0,
2010-04-22,18.0,
2010-04-23,27.0,
2010-04-24,5.0,
2010-04-25,16.0,
2010-04-26,23.0,
2010-04-27,24.0,
2010-04-28,19.0,
2010-04-29,12.0,
2010-04-30,10.0,
2010-05-01,11.0,
2010-05-02,10.0,
2010-05-03,10.0,
2010-05-04,9.0,
2010-05-05,2.0,
2010-05-06,3.0,
2010-05-07,8.0,
2010-05-08,7.0,
2010-05-09,10.0,
2010-05-10,23.0,
2010-05-11,12.0,
2010-05-12,8.0,
2010-05-13,8.0,
2010-05-14,3.0,
2010-05-15,7.0,
2010-05-16,5.0,
2010-05-17,10.0,
2010-05-18,12.0,
2010-05-19,16.0,
2010-05-20,13.0,
2010-05-21,7.0,
2010-05-22,4.0,
2010-05-23,5.0,
2010-05-24,6.0,
2010-05-25,5.0,
2010-05-26,,
2010-05-27,8.0,
2010-05-28,16.0,
2010-05-29,11.0,
2010-05-30,9.0,
2010-05-31,5.0,
2010-06-01,4.0,
2010-06-02,4.0,
2010-06-03,6.0,
2010-06-04,6.0,
2010-06-05,9.0,
2010-06-06,9.0,
2010-06-07,10.0,
2010-06-08,8.0,
2010-06-09,9.0,
2010-06-10,11.0,
2010-06-11,19.0,
2010-06-12,16.0,
2010-06-13,9.0,
2010-06-14,5.0,
2010-06-15,16.0,
2010-06-16,4.0,
2010-06-17,5.0,
2010-06-18,4.0,
2010-06-19,1.0,
2010-06-20,1.0,
2010-06-21,2.0,
2010-06-22,6.0,
2010-06-23,11.0,
2010-06-24,13.0,
2010-06-25,12.0,
2010-06-26,17.0,
2010-06-27,16.0,
2010-06-28,15.0,
2010-06-29,17.0,
2010-06-30,18.0,
2010-07-01,17.0,
2010-07-02,19.0,
2010-07-03,19.0,
2010-07-04,16.0,
2010-07-05,20.0,
2010-07-06,17.0,
2010-07-07,12.0,
2010-07-08,11.0,
2010-07-09,18.0,
2010-07-10,28.0,
2010-07-11,22.0,
2010-07-12,16.0,
2010-07-13,12.0,
2010-07-14,12.0,
2010-07-15,13.0,
2010-07-16,21.0,
2010-07-17,15.0,
2010-07-18,8.0,
2010-07-19,6.0,
2010-07-20,9.0,
2010-07-21,14.0,
2010-07-22,10.0,
2010-07-23,10.0,
2010-07-24,4.0,
2010-07-25,4.0,
2010-07-26,6.0,
2010-07-27,8.0,
2010-07-28,8.0,
2010-07-29,5.0,
2010-07-30,2.0,
2010-07-31,3.0,
2010-08-01,5.0,
2010-08-02,10.0,
2010-08-03,9.0,
2010-08-04,6.0,
2010-08-05,2.0,
2010-08-06,2.0,
2010-08-07,5.0,
2010-08-08,6.0,
2010-08-09,,
2010-08-10,16.0,
2010-08-11,16.0,
2010-08-12,17.0,
2010-08-13,10.0,
2010-08-14,5.0,
2010-08-15,2.0,
2010-08-16,3.0,
2010-08-17,4.0,
2010-08-18,9.0,
2010-08-19,13.0,
2010-08-20,19.0,
2010-08-21,21.0,
2010-08-22,14.0,
2010-08-23,8.0,
2010-08-24,7.0,
2010-08-25,13.0,
2010-08-26,16.0,
2010-08-27,6.0,
2010-08-28,8.0,
2010-08-29,1.0,
2010-08-30,4.0,
2010-08-31,5.0,
2010-09-01,7.0,
2010-09-02,10.0,
2010-09-03,9.0,
2010-09-04,10.0,
2010-09-05,12.0,
2010-09-06,16.0,
2010-09-07,16.0,
2010-09-08,18.0,
2010-09-09,7.0,
2010-09-10,6.0,
2010-09-11,8.0,
2010-09-12,10.0,
2010-09-13,10.0,
2010-09-14,9.0,
2010-09-15,5.0,
2010-09-16,8.0,
2010-09-17,6.0,
2010-09-18,11.0,
2010-09-19,4.0,
2010-09-20,7.0,
2010-09-21,15.0,
2010-09-22,17.0,
2010-09-23,11.0,
2010-09-24,16.0,
2010-09-25,1.0,
2010-09-26,1.0,
2010-09-27,5.0,
2010-09-28,8.0,
2010-09-29,13.0,
2010-09-30,14.0,
2010-10-01,24.0,
2010-10-02,30.0,
2010-10-03,29.0,
2010-10-04,20.0,
2010-10-05,7.0,
2010-10-06,7.0,
2010-10-07,16.0,
2010-10-08,14.0,
2010-10-09,16.0,
2010-10-10,17.0,
2010-10-11,26.0,
2010-10-12,28.0,
2010-10-13,36.0,
2010-10-14,36.0,
2010-10-15,40.0,
2010-10-16,37.0,
2010-10-17,8.0,
2010-10-18,11.0,
2010-10-19,14.0,
2010-10-20,12.0,
2010-10-21,26.0,
2010-10-22,38.0,
2010-10-23,51.0,
2010-10-24,75.0,
2010-10-25,8.0,
2010-10-26,4.0,
2010-10-27,11.0,
2010-10-28,23.0,
2010-10-29,25.0,
2010-10-30,43.0,
2010-10-31,33.0,
2010-11-01,11.0,
2010-11-02,7.0,
2010-11-03,11.0,
2010-11-04,26.0,
2010-11-05,35.0,
2010-11-06,31.0,
2010-11-07,23.0,
2010-11-08,1.0,
2010-11-09,13.0,
2010-11-10,19.0,
2010-11-11,32.0,
2010-11-12,,
2010-11-13,44.0,
2010-11-14,31.0,
2010-11-15,17.0,
2010-11-16,8.0,
2010-11-17,12.0,
2010-11-18,21.0,
2010-11-19,20.0,
2010-11-20,30.0,
2010-11-21,19.0,
2010-11-22,16.0,
2010-11-23,12.0,
2010-11-24,23.0,
2010-11-25,31.0,
2010-11-26,16.0,
2010-11-27,19.0,
2010-11-28,28.0,
2010-11-29,13.0,
2010-11-30,26.0,
2010-12-01,13.0,
2010-12-02,14.0,
2010-12-03,22.0,
2010-12-04,21.0,
2010-12-05,29.0,
2010-12-06,30.0,
2010-12-07,19.0,
2010-12-08,21.0,
2010-12-09,12.0,
2010-12-10,13.0,
2010-12-11,20.0,
2010-12-12,40.0,
2010-12-13,27.0,
2010-12-14,34.0,
2010-12-15,23.0,
2010-12-16,32.0,
2010-12-17,40.0,
2010-12-18,43.0,
2010-12-19,44.0,
2010-12-20,55.0,
2010-12-21,62.0,
2010-12-22,42.0,
2010-12-23,17.0,
2010-12-24,15.0,
2010-12-25,18.0,
2010-12-26,10.0,
2010-12-27,19.0,
2010-12-28,23.0,
2010-12-29,48.0,
2010-12-30,61.0,
2010-12-31,75.0,
2011-01-01,80.0,88.0
2011-01-02,68.0,83.0
2011-01-03,40.0,54.0
2011-01-04,29.0,40.0
2011-01-05,55.0,71.0
2011-01-06,50.0,60.0
2011-01-07,54.0,66.0
2011-01-08,52.0,65.0
2011-01-09,44.0,66.0
2011-01-10,34.0,49.0
2011-01-11,16.0,24.0
2011-01-12,30.0,44.0
2011-01-13,28.0,42.0
2011-01-14,24.0,50.0
2011-01-15,31.0,42.0
2011-01-16,22.0,32.0
2011-01-17,37.0,59.0
2011-01-18,43.0,59.0
2011-01-19,48.0,
2011-01-20,20.0,26.0
2011-01-21,23.0,30.0
2011-01-22,18.0,27.0
2011-01-23,17.0,24.0
2011-01-24,,34.0
2011-01-25,41.0,51.0
2011-01-26,59.0,73.0
2011-01-27,85.0,105.0
2011-01-28,52.0,65.0
2011-01-29,33.0,41.0
2011-01-30,40.0,48.0
2011-01-31,39.0,49.0
2011-02-01,38.0,52.0
2011-02-02,37.0,52.0
2011-02-03,25.0,35.0
2011-02-04,24.0,35.0
2011-02-05,24.0,28.0
2011-02-06,21.0,24.0
2011-02-07,25.0,40.0
2011-02-08,35.0,52.0
2011-02-09,52.0,72.0
2011-02-10,58.0,81.0
2011-02-11,38.0,52.0
2011-02-12,25.0,33.0
2011-02-13,80.0,99.0
2011-02-14,109.0,148.0
2011-02-15,74.0,104.0
2011-02-16,24.0,40.0
2011-02-17,15.0,25.0
2011-02-18,10.0,16.0
2011-02-19,19.0,25.0
2011-02-20,34.0,43.0
2011-02-21,24.0,
2011-02-22,36.0,48.0
2011-02-23,31.0,46.0
2011-02-24,32.0,47.0
2011-02-25,21.0,34.0
2011-02-26,29.0,37.0
2011-02-27,38.0,46.0
2011-02-28,30.0,36.0
2011-03-01,21.0,33.0
2011-03-02,19.0,29.0
2011-03-03,29.0,36.0
2011-03-04,31.0,37.0
2011-03-05,38.0,45.0
2011-03-06,18.0,25.0
2011-03-07,20.0,36.0
2011-03-08,16.0,28.0
2011-03-09,28.0,40.0
2011-03-10,38.0,56.0
2011-03-11,35.0,50.0
2011-03-12,21.0,29.0
2011-03-13,34.0,44.0
2011-03-14,14.0,21.0
2011-03-15,20.0,30.0
2011-03-16,9.0,18.0
2011-03-17,6.0,15.0
2011-03-18,11.0,21.0
2011-03-19,19.0,25.0
2011-03-20,13.0,14.0
2011-03-21,16.0,20.0
2011-03-22,24.0,29.0
2011-03-23,22.0,
2011-03-24,17.0,27.0
2011-03-25,11.0,19.0
2011-03-26,10.0,19.0
2011-03-27,9.0,19.0
2011-03-28,15.0,28.0
2011-03-29,18.0,27.0
2011-03-30,12.0,20.0
2011-03-31,14.0,20.0
2011-04-01,17.0,25.0
2011-04-02,20.0,25.0
2011-04-03,19.0,29.0
2011-04-04,17.0,28.0
2011-04-05,5.0,11.0
2011-04-06,11.0,21.0
2011-04-07,5.0,17.0
2011-04-08,9.0,30.0
2011-04-09,4.0,16.0
2011-04-10,9.0,22.0
2011-04-11,17.0,28.0
2011-04-12,12.0,34.0
2011-04-13,2.0,9.0
2011-04-14,10.0,21.0
2011-04-15,8.0,15.0
2011-04-16,14.0,19.0
2011-04-17,18.0,20.0
2011-04-18,17.0,24.0
2011-04-19,22.0,32.0
2011-04-20,19.0,29.0
2011-04-21,20.0,
2011-04-22,22.0,38.0
2011-04-23,17.0,26.0
2011-04-24,17.0,24.0
2011-04-25,16.0,22.0
2011-04-26,14.0,23.0
2011-04-27,14.0,24.0
2011-04-28,16.0,27.0
2011-04-29,16.0,23.0
2011-04-30,17.0,23.0
2011-05-01,11.0,18.0
2011-05-02,9.0,17.0
2011-05-03,13.0,21.0
2011-05-04,9.0,16.0
2011-05-05,13.0,18.0
2011-05-06,16.0,21.0
2011-05-07,18.0,21.0
2011-05-08,14.0,23.0
2011-05-09,6.0,15.0
2011-05-10,10.0,21.0
2011-05-11,9.0,22.0
2011-05-12,11.0,26.0
2011-05-13,13.0,31.0
2011-05-14,5.0,17.0
2011-05-15,3.0,11.0
2011-05-16,3.0,6.0
2011-05-17,,16.0
2011-05-18,10.0,14.0
2011-05-19,13.0,
2011-05-20,14.0,
2011-05-21,16.0,28.0
2011-05-22,16.0,26.0
2011-05-23,17.0,29.0
2011-05-24,12.0,
2011-05-25,10.0,
2011-05-26,9.0,27.0
2011-05-27,6.0,29.0
2011-05-28,3.0,8.0
2011-05-29,6.0,13.0
2011-05-30,9.0,18.0
2011-05-31,14.0,23.0
2011-06-01,15.0,23.0
2011-06-02,22.0,31.0
2011-06-03,14.0,24.0
2011-06-04,10.0,18.0
2011-06-05,6.0,14.0
2011-06-06,11.0,18.0
2011-06-07,11.0,18.0
2011-06-08,7.0,15.0
2011-06-09,6.0,16.0
2011-06-10,10.0,24.0
2011-06-11,11.0,21.0
2011-06-12,9.0,19.0
2011-06-13,19.0,29.0
2011-06-14,11.0,19.0
2011-06-15,7.0,14.0
2011-06-16,7.0,12.0
2011-06-17,8.0,14.0
2011-06-18,7.0,14.0
2011-06-19,5.0,13.0
2011-06-20,9.0,22.0
2011-06-21,19.0,32.0
2011-06-22,19.0,31.0
2011-06-23,13.0,26.0
2011-06-24,13.0,25.0
2011-06-25,8.0,16.0
2011-06-26,11.0,16.0
2011-06-27,17.0,25.0
2011-06-28,20.0,29.0
2011-06-29,19.0,30.0
2011-06-30,11.0,15.0
2011-07-01,14.0,22.0
2011-07-02,6.0,13.0
2011-07-03,7.0,12.0
2011-07-04,12.0,20.0
2011-07-05,8.0,14.0
2011-07-06,8.0,19.0
2011-07-07,12.0,24.0
2011-07-08,11.0,22.0
2011-07-09,13.0,15.0
2011-07-10,15.0,23.0
2011-07-11,13.0,23.0
2011-07-12,20.0,34.0
2011-07-13,15.0,34.0
2011-07-14,8.0,21.0
2011-07-15,5.0,17.0
2011-07-16,8.0,16.0
2011-07-17,8.0,15.0
2011-07-18,4.0,12.0
2011-07-19,3.0,13.0
2011-07-20,1.0,5.0
2011-07-21,5.0,12.0
2011-07-22,7.0,16.0
2011-07-23,7.0,12.0
2011-07-24,2.0,7.0
2011-07-25,2.0,8.0
2011-07-26,5.0,11.0
2011-07-27,9.0,15.0
2011-07-28,8.0,12.0
2011-07-29,7.0,12.0
2011-07-30,5.0,10.0
2011-07-31,4.0,9.0
2011-08-01,8.0,15.0
2011-08-02,12.0,18.0
2011-08-03,9.0,18.0
2011-08-04,10.0,19.0
2011-08-05,14.0,21.0
2011-08-06,15.0,19.0
2011-08-07,10.0,16.0
2011-08-08,7.0,12.0
2011-08-09,6.0,18.0
2011-08-10,6.0,14.0
2011-08-11,8.0,22.0
2011-08-12,8.0,17.0
2011-08-13,10.0,19.0
2011-08-14,12.0,18.0
2011-08-15,12.0,18.0
2011-08-16,11.0,16.0
2011-08-17,7.0,15.0
2011-08-18,9.0,17.0
2011-08-19,9.0,16.0
2011-08-20,10.0,21.0
2011-08-21,11.0,21.0
2011-08-22,12.0,25.0
2011-08-23,12.0,24.0
2011-08-24,11.0,20.0
2011-08-25,17.0,27.0
2011-08-26,16.0,25.0
2011-08-27,9.0,18.0
2011-08-28,7.0,14.0
2011-08-29,9.0,23.0
2011-08-30,10.0,21.0
2011-08-31,11.0,24.0
2011-09-01,10.0,24.0
2011-09-02,12.0,27.0
2011-09-03,13.0,30.0
2011-09-04,17.0,34.0
2011-09-05,6.0,12.0
2011-09-06,8.0,14.0
2011-09-07,8.0,16.0
2011-09-08,8.0,19.0
2011-09-09,12.0,24.0
2011-09-10,16.0,25.0
2011-09-11,14.0,22.0
2011-09-12,13.0,21.0
2011-09-13,15.0,25.0
2011-09-14,13.0,25.0
2011-09-15,11.0,22.0
2011-09-16,12.0,25.0
2011-09-17,9.0,18.0
2011-09-18,5.0,12.0
2011-09-19,1.0,8.0
2011-09-20,5.0,11.0
2011-09-21,8.0,13.0
2011-09-22,16.0,25.0
2011-09-23,21.0,28.0
2011-09-24,20.0,27.0
2011-09-25,16.0,19.0
2011-09-26,17.0,25.0
2011-09-27,20.0,30.0
2011-09-28,24.0,36.0
2011-09-29,19.0,30.0
2011-09-30,13.0,22.0
2011-10-01,10.0,18.0
2011-10-02,11.0,18.0
2011-10-03,9.0,19.0
2011-10-04,11.0,24.0
2011-10-05,16.0,32.0
2011-10-06,14.0,25.0
2011-10-07,4.0,14.0
2011-10-08,2.0,7.0
2011-10-09,6.0,9.0
2011-10-10,14.0,23.0
2011-10-11,19.0,31.0
2011-10-12,19.0,32.0
2011-10-13,29.0,45.0
2011-10-14,10.0,24.0
2011-10-15,12.0,23.0
2011-10-16,15.0,23.0
2011-10-17,19.0,30.0
2011-10-18,26.0,38.0
2011-10-19,53.0,77.0
2011-10-20,27.0,34.0
2011-10-21,10.0,17.0
2011-10-22,11.0,19.0
2011-10-23,18.0,25.0
2011-10-24,30.0,39.0
2011-10-25,24.0,29.0
2011-10-26,11.0,14.0
2011-10-27,14.0,21.0
2011-10-28,17.0,25.0
2011-10-29,29.0,40.0
2011-10-30,43.0,52.0
2011-10-31,38.0,47.0
2011-11-01,44.0,53.0
2011-11-02,34.0,40.0
2011-11-03,42.0,52.0
2011-11-04,44.0,
2011-11-05,25.0,
2011-11-06,12.0,
2011-11-07,15.0,
2011-11-08,17.0,34.0
2011-11-09,26.0,53.0
2011-11-10,21.0,39.0
2011-11-11,24.0,40.0
2011-11-12,30.0,42.0
2011-11-13,28.0,35.0
2011-11-14,32.0,42.0
2011-11-15,27.0,40.0
2011-11-16,32.0,42.0
2011-11-17,32.0,41.0
2011-11-18,36.0,45.0
2011-11-19,42.0,50.0
2011-11-20,42.0,59.0
2011-11-21,49.0,65.0
2011-11-22,70.0,88.0
2011-11-23,39.0,51.0
2011-11-24,26.0,32.0
2011-11-25,35.0,46.0
2011-11-26,36.0,45.0
2011-11-27,37.0,44.0
2011-11-28,44.0,57.0
2011-11-29,48.0,59.0
2011-11-30,45.0,55.0
2011-12-01,57.0,70.0
2011-12-02,98.0,113.0
2011-12-03,83.0,99.0
2011-12-04,50.0,77.0
2011-12-05,28.0,50.0
2011-12-06,22.0,34.0
2011-12-07,30.0,43.0
2011-12-08,27.0,37.0
2011-12-09,44.0,58.0
2011-12-10,68.0,81.0
2011-12-11,53.0,64.0
2011-12-12,66.0,79.0
2011-12-13,28.0,38.0
2011-12-14,51.0,62.0
2011-12-15,35.0,49.0
2011-12-16,17.0,29.0
2011-12-17,2.0,6.0
2011-12-18,18.0,21.0
2011-12-19,19.0,25.0
2011-12-20,18.0,30.0
2011-12-21,32.0,47.0
2011-12-22,32.0,45.0
2011-12-23,42.0,52.0
2011-12-24,44.0,51.0
2011-12-25,21.0,24.0
2011-12-26,19.0,22.0
2011-12-27,28.0,34.0
2011-12-28,20.0,26.0
2011-12-29,34.0,41.0
2011-12-30,24.0,30.0
2011-12-31,16.0,20.0
2012-01-01,39.0,44.0
2012-01-02,49.0,57.0
2012-01-03,18.0,21.0
2012-01-04,24.0,30.0
2012-01-05,15.0,23.0
2012-01-06,3.0,5.0
2012-01-07,9.0,12.0
2012-01-08,16.0,19.0
2012-01-09,15.0,21.0
2012-01-10,17.0,26.0
2012-01-11,25.0,34.0
2012-01-12,31.0,40.0
2012-01-13,40.0,49.0
2012-01-14,59.0,70.0
2012-01-15,50.0,59.0
2012-01-16,44.0,52.0
2012-01-17,46.0,59.0
2012-01-18,58.0,76.0
2012-01-19,66.0,83.0
2012-01-20,69.0,83.0
2012-01-21,45.0,54.0
2012-01-22,55.0,62.0
2012-01-23,54.0,69.0
2012-01-24,43.0,56.0
2012-01-25,23.0,33.0
2012-01-26,36.0,52.0
2012-01-27,75.0,93.0
2012-01-28,62.0,78.0
2012-01-29,41.0,50.0
2012-01-30,30.0,41.0
2012-01-31,26.0,36.0
2012-02-01,24.0,32.0
2012-02-02,28.0,43.0
2012-02-03,30.0,45.0
2012-02-04,29.0,39.0
2012-02-05,42.0,49.0
2012-02-06,40.0,48.0
2012-02-07,33.0,40.0
2012-02-08,45.0,62.0
2012-02-09,41.0,58.0
2012-02-10,44.0,61.0
2012-02-11,34.0,48.0
2012-02-12,40.0,47.0
2012-02-13,33.0,41.0
2012-02-14,31.0,41.0
2012-02-15,25.0,35.0
2012-02-16,67.0,84.0
2012-02-17,58.0,69.0
2012-02-18,52.0,65.0
2012-02-19,102.0,115.0
2012-02-20,48.0,61.0
2012-02-21,21.0,26.0
2012-02-22,27.0,33.0
2012-02-23,20.0,30.0
2012-02-24,16.0,31.0
2012-02-25,26.0,36.0
2012-02-26,32.0,40.0
2012-02-27,20.0,31.0
2012-02-28,29.0,44.0
2012-02-29,28.0,46.0
2012-03-01,49.0,67.0
2012-03-02,33.0,47.0
2012-03-03,36.0,47.0
2012-03-04,17.0,27.0
2012-03-05,27.0,41.0
2012-03-06,24.0,33.0
2012-03-07,25.0,35.0
2012-03-08,34.0,45.0
2012-03-09,34.0,45.0
2012-03-10,18.0,25.0
2012-03-11,15.0,21.0
2012-03-12,24.0,34.0
2012-03-13,31.0,43.0
2012-03-14,27.0,39.0
2012-03-15,37.0,52.0
2012-03-16,49.0,67.0
2012-03-17,47.0,60.0
2012-03-18,25.0,33.0
2012-03-19,11.0,19.0
2012-03-20,21.0,33.0
2012-03-21,24.0,37.0
2012-03-22,24.0,40.0
2012-03-23,29.0,44.0
2012-03-24,24.0,38.0
2012-03-25,26.0,36.0
2012-03-26,18.0,28.0
2012-03-27,16.0,28.0
2012-03-28,14.0,25.0
2012-03-29,7.0,15.0
2012-03-30,4.0,11.0
2012-03-31,5.0,12.0
2012-04-01,11.0,25.0
2012-04-02,15.0,33.0
2012-04-03,28.0,43.0
2012-04-04,34.0,53.0
2012-04-05,21.0,41.0
2012-04-06,4.0,11.0
2012-04-07,1.0,7.0
2012-04-08,4.0,9.0
2012-04-09,10.0,13.0
2012-04-10,19.0,22.0
2012-04-11,16.0,23.0
2012-04-12,9.0,13.0
2012-04-13,13.0,20.0
2012-04-14,9.0,15.0
2012-04-15,9.0,10.0
2012-04-16,8.0,14.0
2012-04-17,7.0,13.0
2012-04-18,7.0,
2012-04-19,5.0,11.0
2012-04-20,,9.0
2012-04-21,7.0,11.0
2012-04-22,6.0,10.0
2012-04-23,8.0,13.0
2012-04-24,5.0,7.0
2012-04-25,5.0,11.0
2012-04-26,8.0,15.0
2012-04-27,11.0,18.0
2012-04-28,13.0,26.0
2012-04-29,31.0,39.0
2012-04-30,8.0,20.0
2012-05-01,8.0,19.0
2012-05-02,4.0,10.0
2012-05-03,3.0,8.0
2012-05-04,8.0,12.0
2012-05-05,7.0,9.0
2012-05-06,5.0,8.0
2012-05-07,8.0,13.0
2012-05-08,9.0,15.0
2012-05-09,9.0,17.0
2012-05-10,15.0,24.0
2012-05-11,13.0,22.0
2012-05-12,9.0,17.0
2012-05-13,2.0,11.0
2012-05-14,,16.0
2012-05-15,11.0,
2012-05-16,8.0,15.0
2012-05-17,7.0,12.0
2012-05-18,13.0,20.0
2012-05-19,14.0,22.0
2012-05-20,22.0,31.0
2012-05-21,3.0,7.0
2012-05-22,4.0,9.0
2012-05-23,3.0,8.0
2012-05-24,9.0,17.0
2012-05-25,11.0,22.0
2012-05-26,13.0,20.0
2012-05-27,10.0,18.0
2012-05-28,11.0,18.0
2012-05-29,10.0,18.0
2012-05-30,10.0,18.0
2012-05-31,10.0,20.0
2012-06-01,10.0,18.0
2012-06-02,13.0,19.0
2012-06-03,7.0,11.0
2012-06-04,6.0,13.0
2012-06-05,5.0,11.0
2012-06-06,10.0,12.0
2012-06-07,12.0,24.0
2012-06-08,16.0,29.0
2012-06-09,13.0,24.0
2012-06-10,4.0,12.0
2012-06-11,3.0,8.0
2012-06-12,5.0,9.0
2012-06-13,6.0,13.0
2012-06-14,10.0,18.0
2012-06-15,13.0,11.0
2012-06-16,12.0,20.0
2012-06-17,9.0,17.0
2012-06-18,10.0,19.0
2012-06-19,15.0,25.0
2012-06-20,11.0,33.0
2012-06-21,12.0,31.0
2012-06-22,13.0,27.0
2012-06-23,13.0,23.0
2012-06-24,12.0,20.0
2012-06-25,12.0,15.0
2012-06-26,14.0,25.0
2012-06-27,10.0,19.0
2012-06-28,12.0,21.0
2012-06-29,10.0,21.0
2012-06-30,12.0,29.0
2012-07-01,17.0,44.0
2012-07-02,23.0,52.0
2012-07-03,12.0,23.0
2012-07-04,12.0,21.0
2012-07-05,11.0,21.0
2012-07-06,15.0,25.0
2012-07-07,9.0,16.0
2012-07-08,8.0,13.0
2012-07-09,10.0,17.0
2012-07-10,10.0,21.0
2012-07-11,12.0,21.0
2012-07-12,12.0,25.0
2012-07-13,7.0,14.0
2012-07-14,8.0,19.0
2012-07-15,10.0,19.0
2012-07-16,7.0,14.0
2012-07-17,9.0,18.0
2012-07-18,13.0,24.0
2012-07-19,8.0,15.0
2012-07-20,8.0,17.0
2012-07-21,10.0,20.0
2012-07-22,7.0,15.0
2012-07-23,8.0,20.0
2012-07-24,12.0,23.0
2012-07-25,15.0,25.0
2012-07-26,14.0,23.0
2012-07-27,15.0,26.0
2012-07-28,14.0,25.0
2012-07-29,11.0,21.0
2012-07-30,13.0,23.0
2012-07-31,12.0,23.0
2012-08-01,11.0,19.0
2012-08-02,11.0,23.0
2012-08-03,13.0,27.0
2012-08-04,15.0,26.0
2012-08-05,14.0,24.0
2012-08-06,17.0,34.0
2012-08-07,10.0,19.0
2012-08-08,10.0,19.0
2012-08-09,12.0,23.0
2012-08-10,8.0,15.0
2012-08-11,7.0,12.0
2012-08-12,9.0,17.0
2012-08-13,9.0,18.0
2012-08-14,13.0,21.0
2012-08-15,12.0,17.0
2012-08-16,12.0,20.0
2012-08-17,13.0,22.0
2012-08-18,14.0,20.0
2012-08-19,13.0,17.0
2012-08-20,12.0,19.0
2012-08-21,14.0,23.0
2012-08-22,15.0,27.0
2012-08-23,15.0,31.0
2012-08-24,10.0,22.0
2012-08-25,15.0,22.0
2012-08-26,9.0,17.0
2012-08-27,7.0,16.0
2012-08-28,8.0,14.0
2012-08-29,11.0,20.0
2012-08-30,16.0,32.0
2012-08-31,16.0,26.0
2012-09-01,5.0,11.0
2012-09-02,7.0,13.0
2012-09-03,12.0,17.0
2012-09-04,13.0,18.0
2012-09-05,14.0,22.0
2012-09-06,19.0,28.0
2012-09-07,20.0,22.0
2012-09-08,16.0,23.0
2012-09-09,11.0,18.0
2012-09-10,14.0,21.0
2012-09-11,15.0,28.0
2012-09-12,7.0,16.0
2012-09-13,1.0,6.0
2012-09-14,4.0,10.0
2012-09-15,10.0,18.0
2012-09-16,10.0,15.0
2012-09-17,11.0,18.0
2012-09-18,13.0,22.0
2012-09-19,28.0,40.0
2012-09-20,5.0,13.0
2012-09-21,8.0,17.0
2012-09-22,11.0,20.0
2012-09-23,16.0,26.0
2012-09-24,18.0,32.0
2012-09-25,8.0,19.0
2012-09-26,10.0,24.0
2012-09-27,7.0,7.0
2012-09-28,11.0,20.0
2012-09-29,20.0,35.0
2012-09-30,20.0,31.0
2012-10-01,9.0,20.0
2012-10-02,5.0,17.0
2012-10-03,8.0,17.0
2012-10-04,8.0,17.0
2012-10-05,12.0,19.0
2012-10-06,13.0,22.0
2012-10-07,9.0,15.0
2012-10-08,14.0,28.0
2012-10-09,21.0,31.0
2012-10-10,23.0,33.0
2012-10-11,29.0,41.0
2012-10-12,19.0,25.0
2012-10-13,21.0,32.0
2012-10-14,14.0,23.0
2012-10-15,15.0,24.0
2012-10-16,9.0,17.0
2012-10-17,21.0,32.0
2012-10-18,33.0,48.0
2012-10-19,29.0,39.0
2012-10-20,38.0,50.0
2012-10-21,45.0,60.0
2012-10-22,46.0,63.0
2012-10-23,36.0,52.0
2012-10-24,30.0,40.0
2012-10-25,37.0,51.0
2012-10-26,38.0,52.0
2012-10-27,14.0,19.0
2012-10-28,8.0,17.0
2012-10-29,7.0,12.0
2012-10-30,22.0,27.0
2012-10-31,36.0,42.0
2012-11-01,12.0,15.0
2012-11-02,19.0,27.0
2012-11-03,26.0,33.0
2012-11-04,29.0,40.0
2012-11-05,9.0,16.0
2012-11-06,9.0,19.0
2012-11-07,17.0,29.0
2012-11-08,21.0,29.0
2012-11-09,22.0,31.0
2012-11-10,62.0,74.0
2012-11-11,17.0,22.0
2012-11-12,,
2012-11-13,29.0,38.0
2012-11-14,19.0,28.0
2012-11-15,21.0,34.0
2012-11-16,30.0,38.0
2012-11-17,36.0,41.0
2012-11-18,48.0,54.0
2012-11-19,25.0,29.0
2012-11-20,20.0,30.0
2012-11-21,22.0,32.0
2012-11-22,35.0,48.0
2012-11-23,30.0,42.0
2012-11-24,31.0,40.0
2012-11-25,52.0,62.0
2012-11-26,68.0,107.0
2012-11-27,27.0,52.0
2012-11-28,5.0,11.0
2012-11-29,8.0,12.0
2012-11-30,8.0,11.0
2012-12-01,13.0,17.0
2012-12-02,19.0,24.0
2012-12-03,13.0,17.0
2012-12-04,21.0,25.0
2012-12-05,20.0,26.0
2012-12-06,23.0,27.0
2012-12-07,24.0,31.0
2012-12-08,31.0,35.0
2012-12-09,21.0,26.0
2012-12-10,38.0,46.0
2012-12-11,17.0,23.0
2012-12-12,23.0,31.0
2012-12-13,44.0,58.0
2012-12-14,57.0,67.0
2012-12-15,32.0,
2012-12-16,33.0,41.0
2012-12-17,29.0,39.0
2012-12-18,21.0,27.0
2012-12-19,29.0,35.0
2012-12-20,30.0,43.0
2012-12-21,47.0,67.0
2012-12-22,26.0,36.0
2012-12-23,39.0,42.0
2012-12-24,30.0,36.0
2012-12-25,25.0,
2012-12-26,31.0,35.0
2012-12-27,14.0,19.0
2012-12-28,7.0,12.0
2012-12-29,16.0,22.0
2012-12-30,28.0,34.0
2012-12-31,30.0,36.0
2013-01-01,38.0,43.0
2013-01-02,50.0,55.0
2013-01-03,25.0,28.0
2013-01-04,21.0,26.0
2013-01-05,12.0,15.0
2013-01-06,17.0,22.0
2013-01-07,37.0,50.0
2013-01-08,44.0,56.0
2013-01-09,29.0,34.0
2013-01-10,29.0,38.0
2013-01-11,28.0,37.0
2013-01-12,35.0,41.0
2013-01-13,36.0,45.0
2013-01-14,22.0,25.0
2013-01-15,17.0,24.0
2013-01-16,3.0,8.0
2013-01-17,11.0,14.0
2013-01-18,17.0,21.0
2013-01-19,30.0,31.0
2013-01-20,37.0,39.0
2013-01-21,22.0,25.0
2013-01-22,23.0,28.0
2013-01-23,32.0,40.0
2013-01-24,24.0,28.0
2013-01-25,22.0,30.0
2013-01-26,28.0,37.0
2013-01-27,31.0,37.0
2013-01-28,51.0,60.0
2013-01-29,32.0,44.0
2013-01-30,36.0,54.0
2013-01-31,29.0,45.0
2013-02-01,25.0,36.0
2013-02-02,21.0,33.0
2013-02-03,8.0,10.0
2013-02-04,14.0,22.0
2013-02-05,32.0,46.0
2013-02-06,24.0,35.0
2013-02-07,24.0,30.0
2013-02-08,20.0,22.0
2013-02-09,21.0,27.0
2013-02-10,31.0,35.0
2013-02-11,16.0,20.0
2013-02-12,26.0,31.0
2013-02-13,37.0,45.0
2013-02-14,,
2013-02-15,43.0,51.0
2013-02-16,26.0,32.0
2013-02-17,27.0,31.0
2013-02-18,28.0,34.0
2013-02-19,28.0,37.0
2013-02-20,44.0,61.0
2013-02-21,13.0,16.0
2013-02-22,16.0,19.0
2013-02-23,25.0,30.0
2013-02-24,35.0,40.0
2013-02-25,39.0,51.0
2013-02-26,22.0,25.0
2013-02-27,25.0,29.0
2013-02-28,30.0,35.0
2013-03-01,27.0,33.0
2013-03-02,37.0,46.0
2013-03-03,20.0,27.0
2013-03-04,26.0,39.0
2013-03-05,60.0,74.0
2013-03-06,31.0,37.0
2013-03-07,14.0,19.0
2013-03-08,17.0,22.0
2013-03-09,11.0,15.0
2013-03-10,4.0,8.0
2013-03-11,6.0,12.0
2013-03-12,15.0,23.0
2013-03-13,9.0,10.0
2013-03-14,10.0,12.0
2013-03-15,15.0,19.0
2013-03-16,25.0,29.0
2013-03-17,32.0,39.0
2013-03-18,12.0,13.0
2013-03-19,4.0,11.0
2013-03-20,15.0,23.0
2013-03-21,8.0,11.0
2013-03-22,18.0,24.0
2013-03-23,28.0,35.0
2013-03-24,12.0,15.0
2013-03-25,10.0,12.0
2013-03-26,20.0,26.0
2013-03-27,23.0,31.0
2013-03-28,35.0,43.0
2013-03-29,30.0,38.0
2013-03-30,16.0,25.0
2013-03-31,3.0,6.0
2013-04-01,8.0,12.0
2013-04-02,12.0,14.0
2013-04-03,16.0,22.0
2013-04-04,15.0,22.0
2013-04-05,6.0,8.0
2013-04-06,13.0,16.0
2013-04-07,14.0,17.0
2013-04-08,18.0,28.0
2013-04-09,23.0,28.0
2013-04-10,26.0,34.0
2013-04-11,13.0,24.0
2013-04-12,12.0,20.0
2013-04-13,11.0,20.0
2013-04-14,12.0,18.0
2013-04-15,15.0,25.0
2013-04-16,16.0,26.0
2013-04-17,14.0,25.0
2013-04-18,16.0,29.0
2013-04-19,13.0,27.0
2013-04-20,16.0,27.0
2013-04-21,12.0,20.0
2013-04-22,5.0,10.0
2013-04-23,10.0,15.0
2013-04-24,14.0,20.0
2013-04-25,15.0,21.0
2013-04-26,15.0,22.0
2013-04-27,6.0,15.0
2013-04-28,2.0,7.0
2013-04-29,21.0,34.0
2013-04-30,28.0,44.0
2013-05-01,26.0,40.0
2013-05-02,27.0,46.0
2013-05-03,16.0,41.0
2013-05-04,14.0,26.0
2013-05-05,11.0,21.0
2013-05-06,8.0,15.0
2013-05-07,8.0,16.0
2013-05-08,9.0,18.0
2013-05-09,9.0,16.0
2013-05-10,11.0,17.0
2013-05-11,7.0,14.0
2013-05-12,5.0,8.0
2013-05-13,7.0,14.0
2013-05-14,8.0,17.0
2013-05-15,7.0,15.0
2013-05-16,3.0,7.0
2013-05-17,2.0,10.0
2013-05-18,5.0,13.0
2013-05-19,5.0,12.0
2013-05-20,7.0,12.0
2013-05-21,6.0,11.0
2013-05-22,8.0,12.0
2013-05-23,6.0,9.0
2013-05-24,2.0,6.0
2013-05-25,3.0,8.0
2013-05-26,3.0,6.0
2013-05-27,8.0,12.0
2013-05-28,7.0,12.0
2013-05-29,5.0,7.0
2013-05-30,1.0,3.0
2013-05-31,2.0,5.0
2013-06-01,9.0,16.0
2013-06-02,11.0,19.0
2013-06-03,8.0,15.0
2013-06-04,4.0,12.0
2013-06-05,8.0,15.0
2013-06-06,8.0,15.0
2013-06-07,8.0,12.0
2013-06-08,7.0,8.0
2013-06-09,4.0,9.0
2013-06-10,4.0,8.0
2013-06-11,5.0,11.0
2013-06-12,11.0,17.0
2013-06-13,12.0,18.0
2013-06-14,10.0,19.0
2013-06-15,11.0,17.0
2013-06-16,9.0,16.0
2013-06-17,10.0,18.0
2013-06-18,14.0,24.0
2013-06-19,15.0,25.0
2013-06-20,10.0,13.0
2013-06-21,10.0,17.0
2013-06-22,6.0,10.0
2013-06-23,6.0,10.0
2013-06-24,4.0,11.0
2013-06-25,6.0,10.0
2013-06-26,7.0,13.0
2013-06-27,6.0,14.0
2013-06-28,8.0,13.0
2013-06-29,10.0,16.0
2013-06-30,7.0,9.0
2013-07-01,6.0,11.0
2013-07-02,6.0,10.0
2013-07-03,7.0,11.0
2013-07-04,9.0,16.0
2013-07-05,12.0,20.0
2013-07-06,9.0,14.0
2013-07-07,10.0,14.0
2013-07-08,11.0,16.0
2013-07-09,13.0,21.0
2013-07-10,15.0,23.0
2013-07-11,14.0,25.0
2013-07-12,11.0,21.0
2013-07-13,17.0,24.0
2013-07-14,11.0,16.0
2013-07-15,14.0,22.0
2013-07-16,18.0,27.0
2013-07-17,15.0,24.0
2013-07-18,14.0,21.0
2013-07-19,13.0,18.0
2013-07-20,15.0,22.0
2013-07-21,19.0,24.0
2013-07-22,16.0,23.0
2013-07-23,16.0,24.0
2013-07-24,13.0,19.0
2013-07-25,13.0,21.0
2013-07-26,16.0,25.0
2013-07-27,17.0,25.0
2013-07-28,9.0,14.0
2013-07-29,7.0,14.0
2013-07-30,6.0,10.0
2013-07-31,9.0,15.0
2013-08-01,8.0,16.0
2013-08-02,9.0,16.0
2013-08-03,10.0,17.0
2013-08-04,8.0,13.0
2013-08-05,12.0,23.0
2013-08-06,12.0,24.0
2013-08-07,13.0,30.0
2013-08-08,15.0,32.0
2013-08-09,6.0,13.0
2013-08-10,8.0,14.0
2013-08-11,8.0,13.0
2013-08-12,10.0,15.0
2013-08-13,9.0,16.0
2013-08-14,7.0,13.0
2013-08-15,7.0,13.0
2013-08-16,8.0,14.0
2013-08-17,10.0,15.0
2013-08-18,9.0,13.0
2013-08-19,9.0,14.0
2013-08-20,,
2013-08-21,7.0,10.0
2013-08-22,12.0,17.0
2013-08-23,15.0,22.0
2013-08-24,11.0,16.0
2013-08-25,6.0,9.0
2013-08-26,5.0,11.0
2013-08-27,10.0,16.0
2013-08-28,9.0,14.0
2013-08-29,9.0,14.0
2013-08-30,8.0,14.0
2013-08-31,10.0,14.0
2013-09-01,11.0,16.0
2013-09-02,10.0,18.0
2013-09-03,10.0,19.0
2013-09-04,11.0,20.0
2013-09-05,11.0,19.0
2013-09-06,10.0,17.0
2013-09-07,10.0,17.0
2013-09-08,8.0,15.0
2013-09-09,7.0,14.0
2013-09-10,5.0,14.0
2013-09-11,5.0,13.0
2013-09-12,6.0,12.0
2013-09-13,9.0,14.0
2013-09-14,10.0,16.0
2013-09-15,11.0,16.0
2013-09-16,2.0,7.0
2013-09-17,2.0,
2013-09-18,5.0,15.0
2013-09-19,12.0,27.0
2013-09-20,16.0,29.0
2013-09-21,15.0,25.0
2013-09-22,11.0,17.0
2013-09-23,11.0,19.0
2013-09-24,13.0,21.0
2013-09-25,8.0,13.0
2013-09-26,11.0,17.0
2013-09-27,14.0,23.0
2013-09-28,17.0,26.0
2013-09-29,7.0,12.0
2013-09-30,7.0,13.0
2013-10-01,8.0,15.0
2013-10-02,15.0,23.0
2013-10-03,18.0,28.0
2013-10-04,23.0,33.0
2013-10-05,28.0,37.0
2013-10-06,9.0,12.0
2013-10-07,12.0,16.0
2013-10-08,33.0,41.0
2013-10-09,30.0,39.0
2013-10-10,5.0,10.0
2013-10-11,6.0,12.0
2013-10-12,10.0,17.0
2013-10-13,18.0,23.0
2013-10-14,29.0,38.0
2013-10-15,30.0,42.0
2013-10-16,13.0,18.0
2013-10-17,15.0,24.0
2013-10-18,44.0,52.0
2013-10-19,60.0,71.0
2013-10-20,43.0,49.0
2013-10-21,43.0,64.0
2013-10-22,36.0,65.0
2013-10-23,30.0,46.0
2013-10-24,20.0,27.0
2013-10-25,31.0,47.0
2013-10-26,26.0,39.0
2013-10-27,19.0,31.0
2013-10-28,19.0,34.0
2013-10-29,13.0,28.0
2013-10-30,19.0,33.0
2013-10-31,11.0,24.0
2013-11-01,19.0,30.0
2013-11-02,41.0,55.0
2013-11-03,37.0,53.0
2013-11-04,13.0,24.0
2013-11-05,12.0,21.0
2013-11-06,13.0,21.0
2013-11-07,37.0,50.0
2013-11-08,38.0,55.0
2013-11-09,30.0,46.0
2013-11-10,16.0,21.0
2013-11-11,11.0,16.0
2013-11-12,14.0,21.0
2013-11-13,21.0,27.0
2013-11-14,23.0,32.0
2013-11-15,8.0,13.0
2013-11-16,15.0,22.0
2013-11-17,33.0,41.0
2013-11-18,41.0,53.0
2013-11-19,19.0,31.0
2013-11-20,10.0,17.0
2013-11-21,5.0,8.0
2013-11-22,11.0,14.0
2013-11-23,14.0,15.0
2013-11-24,17.0,19.0
2013-11-25,,
2013-11-26,15.0,22.0
2013-11-27,19.0,24.0
2013-11-28,21.0,29.0
2013-11-29,26.0,34.0
2013-11-30,45.0,53.0
2013-12-01,36.0,41.0
2013-12-02,23.0,29.0
2013-12-03,20.0,28.0
2013-12-04,21.0,31.0
2013-12-05,23.0,32.0
2013-12-06,37.0,47.0
2013-12-07,36.0,44.0
2013-12-08,37.0,43.0
2013-12-09,34.0,44.0
2013-12-10,46.0,57.0
2013-12-11,49.0,63.0
2013-12-12,45.0,54.0
2013-12-13,27.0,33.0
2013-12-14,28.0,33.0
2013-12-15,45.0,51.0
2013-12-16,27.0,33.0
2013-12-17,25.0,34.0
2013-12-18,22.0,33.0
2013-12-19,43.0,54.0
2013-12-20,79.0,95.0
2013-12-21,51.0,60.0
2013-12-22,44.0,54.0
2013-12-23,26.0,36.0
2013-12-24,15.0,21.0
2013-12-25,3.0,4.0
2013-12-26,0.0,2.0
2013-12-27,11.0,14.0
2013-12-28,17.0,20.0
2013-12-29,28.0,31.0
2013-12-30,20.0,25.0
2013-12-31,16.0,20.0
2014-01-01,38.0,44.0
2014-01-02,48.0,54.0
2014-01-03,37.0,41.0
2014-01-04,40.0,47.0
2014-01-05,12.0,12.0
2014-01-06,13.0,17.0
2014-01-07,15.0,20.0
2014-01-08,20.0,28.0
2014-01-09,22.0,32.0
2014-01-10,23.0,29.0
2014-01-11,35.0,45.0
2014-01-12,27.0,38.0
2014-01-13,23.0,38.0
2014-01-14,11.0,21.0
2014-01-15,16.0,21.0
2014-01-16,29.0,40.0
2014-01-17,15.0,23.0
2014-01-18,17.0,19.0
2014-01-19,18.0,21.0
2014-01-20,13.0,20.0
2014-01-21,14.0,18.0
2014-01-22,14.0,22.0
2014-01-23,17.0,24.0
2014-01-24,12.0,19.0
2014-01-25,10.0,12.0
2014-01-26,10.0,11.0
2014-01-27,27.0,33.0
2014-01-28,8.0,10.0
2014-01-29,19.0,23.0
2014-01-30,29.0,31.0
2014-01-31,22.0,26.0
2014-02-01,16.0,19.0
2014-02-02,20.0,23.0
2014-02-03,9.0,14.0
2014-02-04,14.0,24.0
2014-02-05,20.0,29.0
2014-02-06,10.0,16.0
2014-02-07,11.0,16.0
2014-02-08,18.0,16.0
2014-02-09,9.0,12.0
2014-02-10,13.0,17.0
2014-02-11,12.0,13.0
2014-02-12,12.0,13.0
2014-02-13,24.0,32.0
2014-02-14,23.0,29.0
2014-02-15,38.0,46.0
2014-02-16,44.0,60.0
2014-02-17,36.0,56.0
2014-02-18,36.0,52.0
2014-02-19,28.0,36.0
2014-02-20,12.0,17.0
2014-02-21,15.0,24.0
2014-02-22,12.0,16.0
2014-02-23,11.0,14.0
2014-02-24,14.0,17.0
2014-02-25,21.0,26.0
2014-02-26,27.0,38.0
2014-02-27,18.0,23.0
2014-02-28,9.0,12.0
2014-03-01,11.0,14.0
2014-03-02,7.0,9.0
2014-03-03,12.0,15.0
2014-03-04,12.0,17.0
2014-03-05,17.0,21.0
2014-03-06,20.0,25.0
2014-03-07,20.0,29.0
2014-03-08,20.0,29.0
2014-03-09,23.0,28.0
2014-03-10,,
2014-03-11,29.0,
2014-03-12,27.0,34.0
2014-03-13,32.0,45.0
2014-03-14,34.0,47.0
2014-03-15,33.0,44.0
2014-03-16,33.0,41.0
2014-03-17,26.0,36.0
2014-03-18,52.0,70.0
2014-03-19,23.0,34.0
2014-03-20,34.0,47.0
2014-03-21,44.0,60.0
2014-03-22,11.0,17.0
2014-03-23,0.0,1.0
2014-03-24,2.0,5.0
2014-03-25,8.0,12.0
2014-03-26,17.0,20.0
2014-03-27,23.0,29.0
2014-03-28,22.0,27.0
2014-03-29,20.0,26.0
2014-03-30,18.0,29.0
2014-03-31,16.0,31.0
2014-04-01,10.0,21.0
2014-04-02,11.0,32.0
2014-04-03,20.0,42.0
2014-04-04,13.0,21.0
2014-04-05,16.0,27.0
2014-04-06,14.0,23.0
2014-04-07,15.0,29.0
2014-04-08,9.0,17.0
2014-04-09,9.0,16.0
2014-04-10,9.0,14.0
2014-04-11,13.0,21.0
2014-04-12,16.0,24.0
2014-04-13,19.0,27.0
2014-04-14,9.0,14.0
2014-04-15,7.0,14.0
2014-04-16,5.0,8.0
2014-04-17,8.0,10.0
2014-04-18,9.0,13.0
2014-04-19,9.0,14.0
2014-04-20,8.0,11.0
2014-04-21,19.0,27.0
2014-04-22,12.0,19.0
2014-04-23,15.0,21.0
2014-04-24,15.0,20.0
2014-04-25,8.0,11.0
2014-04-26,6.0,9.0
2014-04-27,5.0,7.0
2014-04-28,3.0,6.0
2014-04-29,5.0,8.0
2014-04-30,7.0,11.0
2014-05-01,0.0,5.0
2014-05-02,,
2014-05-03,,
2014-05-04,,
2014-05-05,,
2014-05-06,1.0,11.0
2014-05-07,5.0,7.0
2014-05-08,8.0,15.0
2014-05-09,11.0,16.0
2014-05-10,9.0,14.0
2014-05-11,5.0,11.0
2014-05-12,6.0,11.0
2014-05-13,5.0,11.0
2014-05-14,5.0,9.0
2014-05-15,6.0,9.0
2014-05-16,6.0,10.0
2014-05-17,7.0,10.0
2014-05-18,7.0,10.0
2014-05-19,11.0,20.0
2014-05-20,9.0,19.0
2014-05-21,11.0,21.0
2014-05-22,12.0,38.0
2014-05-23,8.0,28.0
2014-05-24,5.0,10.0
2014-05-25,6.0,14.0
2014-05-26,10.0,19.0
2014-05-27,3.0,6.0
2014-05-28,5.0,8.0
2014-05-29,5.0,14.0
2014-05-30,8.0,12.0
2014-05-31,6.0,11.0
2014-06-01,6.0,8.0
2014-06-02,7.0,10.0
2014-06-03,7.0,11.0
2014-06-04,8.0,12.0
2014-06-05,6.0,12.0
2014-06-06,8.0,15.0
2014-06-07,14.0,21.0
2014-06-08,16.0,23.0
2014-06-09,12.0,21.0
2014-06-10,14.0,21.0
2014-06-11,15.0,23.0
2014-06-12,14.0,23.0
2014-06-13,9.0,17.0
2014-06-14,8.0,12.0
2014-06-15,5.0,12.0
2014-06-16,5.0,10.0
2014-06-17,9.0,16.0
2014-06-18,9.0,15.0
2014-06-19,10.0,15.0
2014-06-20,10.0,12.0
2014-06-21,13.0,20.0
2014-06-22,14.0,19.0
2014-06-23,11.0,17.0
2014-06-24,10.0,19.0
2014-06-25,8.0,14.0
2014-06-26,6.0,13.0
2014-06-27,6.0,11.0
2014-06-28,9.0,15.0
2014-06-29,8.0,12.0
2014-06-30,4.0,7.0
2014-07-01,7.0,13.0
2014-07-02,11.0,17.0
2014-07-03,14.0,21.0
2014-07-04,10.0,16.0
2014-07-05,14.0,19.0
2014-07-06,10.0,16.0
2014-07-07,7.0,12.0
2014-07-08,3.0,9.0
2014-07-09,5.0,6.0
2014-07-10,4.0,8.0
2014-07-11,7.0,13.0
2014-07-12,9.0,12.0
2014-07-13,8.0,11.0
2014-07-14,12.0,14.0
2014-07-15,12.0,13.0
2014-07-16,8.0,13.0
2014-07-17,13.0,18.0
2014-07-18,12.0,18.0
2014-07-19,9.0,15.0
2014-07-20,11.0,14.0
2014-07-21,4.0,9.0
2014-07-22,5.0,8.0
2014-07-23,7.0,11.0
2014-07-24,8.0,12.0
2014-07-25,11.0,17.0
2014-07-26,11.0,15.0
2014-07-27,6.0,10.0
2014-07-28,7.0,10.0
2014-07-29,5.0,11.0
2014-07-30,2.0,5.0
2014-07-31,7.0,10.0
2014-08-01,8.0,16.0
2014-08-02,11.0,16.0
2014-08-03,10.0,16.0
2014-08-04,10.0,17.0
2014-08-05,9.0,13.0
2014-08-06,6.0,11.0
2014-08-07,7.0,11.0
2014-08-08,8.0,16.0
2014-08-09,9.0,14.0
2014-08-10,11.0,15.0
2014-08-11,11.0,17.0
2014-08-12,11.0,16.0
2014-08-13,10.0,15.0
2014-08-14,3.0,10.0
2014-08-15,6.0,11.0
2014-08-16,4.0,10.0
2014-08-17,4.0,8.0
2014-08-18,4.0,7.0
2014-08-19,7.0,13.0
2014-08-20,11.0,17.0
2014-08-21,7.0,12.0
2014-08-22,6.0,10.0
2014-08-23,7.0,12.0
2014-08-24,10.0,15.0
2014-08-25,5.0,12.0
2014-08-26,9.0,15.0
2014-08-27,20.0,32.0
2014-08-28,9.0,19.0
2014-08-29,,16.0
2014-08-30,9.0,14.0
2014-08-31,11.0,15.0
2014-09-01,3.0,5.0
2014-09-02,3.0,7.0
2014-09-03,4.0,8.0
2014-09-04,11.0,17.0
2014-09-05,18.0,26.0
2014-09-06,14.0,22.0
2014-09-07,13.0,20.0
2014-09-08,15.0,22.0
2014-09-09,14.0,21.0
2014-09-10,12.0,15.0
2014-09-11,7.0,9.0
2014-09-12,4.0,9.0
2014-09-13,9.0,13.0
2014-09-14,12.0,15.0
2014-09-15,13.0,18.0
2014-09-16,17.0,24.0
2014-09-17,14.0,21.0
2014-09-18,17.0,22.0
2014-09-19,,
2014-09-20,31.0,44.0
2014-09-21,11.0,21.0
2014-09-22,5.0,11.0
2014-09-23,8.0,15.0
2014-09-24,9.0,14.0
2014-09-25,17.0,22.0
2014-09-26,19.0,25.0
2014-09-27,25.0,33.0
2014-09-28,26.0,33.0
2014-09-29,19.0,23.0
2014-09-30,15.0,21.0
2014-10-01,20.0,28.0
2014-10-02,8.0,14.0
2014-10-03,9.0,16.0
2014-10-04,10.0,15.0
2014-10-05,10.0,15.0
2014-10-06,16.0,22.0
2014-10-07,26.0,35.0
2014-10-08,50.0,63.0
2014-10-09,45.0,58.0
2014-10-10,,66.0
2014-10-11,28.0,43.0
2014-10-12,14.0,26.0
2014-10-13,14.0,29.0
2014-10-14,15.0,22.0
2014-10-15,18.0,23.0
2014-10-16,13.0,27.0
2014-10-17,23.0,36.0
2014-10-18,29.0,43.0
2014-10-19,24.0,34.0
2014-10-20,6.0,17.0
2014-10-21,,
2014-10-22,,
2014-10-23,,
2014-10-24,,18.0
2014-10-25,10.0,21.0
2014-10-26,18.0,25.0
2014-10-27,22.0,29.0
2014-10-28,24.0,30.0
2014-10-29,29.0,37.0
2014-10-30,38.0,47.0
2014-10-31,52.0,63.0
2014-11-01,48.0,56.0
2014-11-02,22.0,26.0
2014-11-03,24.0,30.0
2014-11-04,6.0,11.0
2014-11-05,9.0,17.0
2014-11-06,7.0,10.0
2014-11-07,14.0,17.0
2014-11-08,25.0,34.0
2014-11-09,24.0,34.0
2014-11-10,18.0,26.0
2014-11-11,24.0,32.0
2014-11-12,19.0,32.0
2014-11-13,7.0,11.0
2014-11-14,14.0,23.0
2014-11-15,13.0,21.0
2014-11-16,5.0,11.0
2014-11-17,8.0,14.0
2014-11-18,16.0,22.0
2014-11-19,19.0,27.0
2014-11-20,21.0,28.0
2014-11-21,34.0,43.0
2014-11-22,53.0,61.0
2014-11-23,67.0,75.0
2014-11-24,57.0,72.0
2014-11-25,59.0,79.0
2014-11-26,21.0,47.0
2014-11-27,21.0,59.0
2014-11-28,20.0,25.0
2014-11-29,29.0,36.0
2014-11-30,21.0,35.0
2014-12-01,14.0,25.0
2014-12-02,12.0,31.0
2014-12-03,10.0,20.0
2014-12-04,13.0,22.0
2014-12-05,19.0,28.0
2014-12-06,28.0,42.0
2014-12-07,13.0,18.0
2014-12-08,14.0,21.0
2014-12-09,20.0,27.0
2014-12-10,20.0,29.0
2014-12-11,24.0,31.0
2014-12-12,31.0,39.0
2014-12-13,52.0,62.0
2014-12-14,65.0,73.0
2014-12-15,63.0,72.0
2014-12-16,25.0,29.0
2014-12-17,17.0,23.0
2014-12-18,25.0,37.0
2014-12-19,28.0,42.0
2014-12-20,30.0,40.0
2014-12-21,28.0,33.0
2014-12-22,26.0,35.0
2014-12-23,33.0,42.0
2014-12-24,29.0,34.0
2014-12-25,30.0,34.0
2014-12-26,22.0,26.0
2014-12-27,10.0,12.0
2014-12-28,21.0,23.0
2014-12-29,15.0,19.0
2014-12-30,21.0,24.0
2014-12-31,30.0,39.0
2015-01-01,37.0,42.0
2015-01-02,,27.0
2015-01-03,31.0,32.0
2015-01-04,25.0,28.0
2015-01-05,10.0,13.0
2015-01-06,30.0,35.0
2015-01-07,43.0,51.0
2015-01-08,51.0,60.0
2015-01-09,43.0,51.0
2015-01-10,44.0,53.0
2015-01-11,30.0,35.0
2015-01-12,13.0,18.0
2015-01-13,28.0,41.0
2015-01-14,42.0,56.0
2015-01-15,59.0,74.0
2015-01-16,51.0,65.0
2015-01-17,11.0,17.0
2015-01-18,21.0,27.0
2015-01-19,23.0,31.0
2015-01-20,36.0,46.0
2015-01-21,39.0,47.0
2015-01-22,21.0,26.0
2015-01-23,17.0,21.0
2015-01-24,12.0,18.0
2015-01-25,27.0,32.0
2015-01-26,19.0,26.0
2015-01-27,21.0,29.0
2015-01-28,16.0,20.0
2015-01-29,26.0,33.0
2015-01-30,19.0,22.0
2015-01-31,24.0,28.0
2015-02-01,26.0,28.0
2015-02-02,19.0,
2015-02-03,44.0,
2015-02-04,25.0,
2015-02-05,14.0,19.0
2015-02-06,,
2015-02-07,,29.0
2015-02-08,,41.0
2015-02-09,,43.0
2015-02-10,,47.0
2015-02-11,,52.0
2015-02-12,55.0,64.0
2015-02-13,59.0,65.0
2015-02-14,57.0,72.0
2015-02-15,32.0,45.0
2015-02-16,34.0,38.0
2015-02-17,44.0,49.0
2015-02-18,,
2015-02-19,28.0,36.0
2015-02-20,29.0,37.0
2015-02-21,30.0,37.0
2015-02-22,5.0,6.0
2015-02-23,11.0,15.0
2015-02-24,15.0,19.0
2015-02-25,8.0,12.0
2015-02-26,12.0,19.0
2015-02-27,22.0,27.0
2015-02-28,31.0,35.0
2015-03-01,33.0,37.0
2015-03-02,34.0,41.0
2015-03-03,34.0,43.0
2015-03-04,36.0,44.0
2015-03-05,11.0,19.0
2015-03-06,16.0,23.0
2015-03-07,15.0,20.0
2015-03-08,16.0,22.0
2015-03-09,22.0,27.0
2015-03-10,28.0,33.0
2015-03-11,34.0,45.0
2015-03-12,26.0,33.0
2015-03-13,18.0,27.0
2015-03-14,32.0,40.0
2015-03-15,29.0,34.0
2015-03-16,23.0,29.0
2015-03-17,19.0,23.0
2015-03-18,29.0,41.0
2015-03-19,30.0,44.0
2015-03-20,45.0,57.0
2015-03-21,42.0,49.0
2015-03-22,24.0,29.0
2015-03-23,28.0,36.0
2015-03-24,33.0,44.0
2015-03-25,10.0,15.0
2015-03-26,4.0,6.0
2015-03-27,10.0,13.0
2015-03-28,9.0,11.0
2015-03-29,14.0,17.0
2015-03-30,11.0,16.0
2015-03-31,8.0,13.0
2015-04-01,4.0,6.0
2015-04-02,7.0,12.0
2015-04-03,12.0,20.0
2015-04-04,12.0,16.0
2015-04-05,8.0,11.0
2015-04-06,9.0,13.0
2015-04-07,11.0,14.0
2015-04-08,14.0,19.0
2015-04-09,18.0,23.0
2015-04-10,21.0,28.0
2015-04-11,15.0,20.0
2015-04-12,18.0,24.0
2015-04-13,11.0,18.0
2015-04-14,16.0,26.0
2015-04-15,12.0,23.0
2015-04-16,7.0,14.0
2015-04-17,8.0,16.0
2015-04-18,13.0,19.0
2015-04-19,8.0,13.0
2015-04-20,12.0,17.0
2015-04-21,4.0,18.0
2015-04-22,,13.0
2015-04-23,,11.0
2015-04-24,,
2015-04-25,28.0,39.0
2015-04-26,20.0,26.0
2015-04-27,12.0,15.0
2015-04-28,5.0,7.0
2015-04-29,9.0,14.0
2015-04-30,9.0,15.0
2015-05-01,9.0,13.0
2015-05-02,8.0,13.0
2015-05-03,11.0,17.0
2015-05-04,19.0,28.0
2015-05-05,23.0,35.0
2015-05-06,,38.0
2015-05-07,20.0,29.0
2015-05-08,16.0,24.0
2015-05-09,10.0,13.0
2015-05-10,11.0,13.0
2015-05-11,11.0,17.0
2015-05-12,13.0,21.0
2015-05-13,8.0,16.0
2015-05-14,8.0,20.0
2015-05-15,9.0,20.0
2015-05-16,6.0,12.0
2015-05-17,10.0,23.0
2015-05-18,12.0,22.0
2015-05-19,9.0,16.0
2015-05-20,5.0,11.0
2015-05-21,5.0,13.0
2015-05-22,7.0,10.0
2015-05-23,5.0,9.0
2015-05-24,4.0,8.0
2015-05-25,3.0,6.0
2015-05-26,8.0,12.0
2015-05-27,5.0,8.0
2015-05-28,8.0,12.0
2015-05-29,9.0,16.0
2015-05-30,11.0,17.0
2015-05-31,11.0,17.0
2015-06-01,9.0,15.0
2015-06-02,9.0,12.0
2015-06-03,12.0,18.0
2015-06-04,16.0,22.0
2015-06-05,15.0,20.0
2015-06-06,11.0,15.0
2015-06-07,14.0,19.0
2015-06-08,17.0,22.0
2015-06-09,9.0,14.0
2015-06-10,13.0,19.0
2015-06-11,12.0,19.0
2015-06-12,14.0,21.0
2015-06-13,14.0,21.0
2015-06-14,10.0,19.0
2015-06-15,7.0,15.0
2015-06-16,9.0,15.0
2015-06-17,8.0,15.0
2015-06-18,11.0,19.0
2015-06-19,12.0,20.0
2015-06-20,7.0,12.0
2015-06-21,6.0,9.0
2015-06-22,8.0,14.0
2015-06-23,9.0,15.0
2015-06-24,5.0,10.0
2015-06-25,6.0,9.0
2015-06-26,10.0,14.0
2015-06-27,11.0,16.0
2015-06-28,11.0,13.0
2015-06-29,11.0,15.0
2015-06-30,11.0,19.0
2015-07-01,12.0,20.0
2015-07-02,17.0,26.0
2015-07-03,12.0,27.0
2015-07-04,16.0,23.0
2015-07-05,18.0,26.0
2015-07-06,22.0,35.0
2015-07-07,20.0,32.0
2015-07-08,14.0,26.0
2015-07-09,12.0,22.0
2015-07-10,9.0,18.0
2015-07-11,12.0,21.0
2015-07-12,15.0,22.0
2015-07-13,18.0,28.0
2015-07-14,20.0,29.0
2015-07-15,19.0,27.0
2015-07-16,18.0,26.0
2015-07-17,14.0,21.0
2015-07-18,16.0,25.0
2015-07-19,13.0,19.0
2015-07-20,16.0,23.0
2015-07-21,18.0,28.0
2015-07-22,19.0,30.0
2015-07-23,12.0,19.0
2015-07-24,16.0,25.0
2015-07-25,8.0,14.0
2015-07-26,8.0,18.0
2015-07-27,7.0,16.0
2015-07-28,6.0,16.0
2015-07-29,7.0,17.0
2015-07-30,15.0,22.0
2015-07-31,12.0,20.0
2015-08-01,15.0,20.0
2015-08-02,15.0,19.0
2015-08-03,11.0,16.0
2015-08-04,10.0,17.0
2015-08-05,14.0,21.0
2015-08-06,17.0,25.0
2015-08-07,23.0,33.0
2015-08-08,24.0,33.0
2015-08-09,19.0,24.0
2015-08-10,10.0,16.0
2015-08-11,14.0,21.0
2015-08-12,21.0,29.0
2015-08-13,21.0,29.0
2015-08-14,19.0,25.0
2015-08-15,11.0,17.0
2015-08-16,4.0,8.0
2015-08-17,3.0,9.0
2015-08-18,6.0,12.0
2015-08-19,6.0,10.0
2015-08-20,8.0,10.0
2015-08-21,9.0,14.0
2015-08-22,9.0,15.0
2015-08-23,10.0,14.0
2015-08-24,10.0,15.0
2015-08-25,12.0,18.0
2015-08-26,10.0,14.0
2015-08-27,11.0,18.0
2015-08-28,12.0,22.0
2015-08-29,14.0,21.0
2015-08-30,11.0,20.0
2015-08-31,10.0,15.0
2015-09-01,10.0,21.0
2015-09-02,7.0,15.0
2015-09-03,5.0,11.0
2015-09-04,5.0,12.0
2015-09-05,,
2015-09-06,,
2015-09-07,,
2015-09-08,,
2015-09-09,7.0,12.0
2015-09-10,10.0,17.0
2015-09-11,12.0,20.0
2015-09-12,12.0,19.0
2015-09-13,12.0,16.0
2015-09-14,7.0,13.0
2015-09-15,6.0,13.0
2015-09-16,10.0,21.0
2015-09-17,,
2015-09-18,6.0,10.0
2015-09-19,4.0,10.0
2015-09-20,7.0,14.0
2015-09-21,6.0,13.0
2015-09-22,7.0,15.0
2015-09-23,4.0,9.0
2015-09-24,4.0,7.0
2015-09-25,10.0,16.0
2015-09-26,12.0,15.0
2015-09-27,13.0,17.0
2015-09-28,12.0,20.0
2015-09-29,13.0,22.0
2015-09-30,13.0,21.0
2015-10-01,11.0,16.0
2015-10-02,15.0,19.0
2015-10-03,13.0,20.0
2015-10-04,11.0,14.0
2015-10-05,21.0,28.0
2015-10-06,30.0,38.0
2015-10-07,15.0,20.0
2015-10-08,8.0,15.0
2015-10-09,10.0,15.0
2015-10-10,14.0,19.0
2015-10-11,4.0,10.0
2015-10-12,12.0,20.0
2015-10-13,18.0,26.0
2015-10-14,13.0,20.0
2015-10-15,7.0,14.0
2015-10-16,8.0,14.0
2015-10-17,24.0,
2015-10-18,31.0,
2015-10-19,19.0,
2015-10-20,12.0,20.0
2015-10-21,12.0,21.0
2015-10-22,18.0,24.0
2015-10-23,21.0,30.0
2015-10-24,27.0,31.0
2015-10-25,34.0,38.0
2015-10-26,34.0,40.0
2015-10-27,49.0,57.0
2015-10-28,39.0,55.0
2015-10-29,18.0,22.0
2015-10-30,18.0,23.0
2015-10-31,27.0,33.0
2015-11-01,29.0,37.0
2015-11-02,27.0,34.0
2015-11-03,37.0,44.0
2015-11-04,29.0,37.0
2015-11-05,19.0,30.0
2015-11-06,16.0,25.0
2015-11-07,24.0,32.0
2015-11-08,18.0,22.0
2015-11-09,15.0,22.0
2015-11-10,17.0,27.0
2015-11-11,29.0,40.0
2015-11-12,29.0,37.0
2015-11-13,38.0,51.0
2015-11-14,50.0,66.0
2015-11-15,37.0,45.0
2015-11-16,34.0,53.0
2015-11-17,,
2015-11-18,39.0,58.0
2015-11-19,38.0,42.0
2015-11-20,33.0,44.0
2015-11-21,14.0,29.0
2015-11-22,5.0,7.0
2015-11-23,21.0,23.0
2015-11-24,31.0,36.0
2015-11-25,30.0,33.0
2015-11-26,36.0,41.0
2015-11-27,15.0,23.0
2015-11-28,24.0,29.0
2015-11-29,37.0,40.0
2015-11-30,35.0,44.0
2015-12-01,41.0,50.0
2015-12-02,44.0,55.0
2015-12-03,44.0,57.0
2015-12-04,32.0,51.0
2015-12-05,36.0,54.0
2015-12-06,43.0,48.0
2015-12-07,68.0,77.0
2015-12-08,49.0,55.0
2015-12-09,32.0,50.0
2015-12-10,20.0,36.0
2015-12-11,26.0,32.0
2015-12-12,39.0,46.0
2015-12-13,51.0,56.0
2015-12-14,84.0,91.0
2015-12-15,58.0,65.0
2015-12-16,55.0,61.0
2015-12-17,47.0,55.0
2015-12-18,33.0,41.0
2015-12-19,32.0,39.0
2015-12-20,33.0,39.0
2015-12-21,43.0,53.0
2015-12-22,36.0,45.0
2015-12-23,49.0,62.0
2015-12-24,36.0,48.0
2015-12-25,35.0,39.0
2015-12-26,20.0,22.0
2015-12-27,18.0,21.0
2015-12-28,25.0,30.0
2015-12-29,21.0,23.0
2015-12-30,34.0,37.0
2015-12-31,44.0,46.0
2016-01-01,47.0,52.0
2016-01-02,37.0,40.0
2016-01-03,15.0,15.0
2016-01-04,25.0,27.0
2016-01-05,27.0,31.0
2016-01-06,28.0,29.0
2016-01-07,23.0,28.0
2016-01-08,48.0,52.0
2016-01-09,53.0,60.0
2016-01-10,22.0,25.0
2016-01-11,8.0,11.0
2016-01-12,7.0,15.0
2016-01-13,9.0,13.0
2016-01-14,24.0,31.0
2016-01-15,10.0,13.0
2016-01-16,16.0,20.0
2016-01-17,13.0,14.0
2016-01-18,19.0,24.0
2016-01-19,31.0,37.0
2016-01-20,45.0,51.0
2016-01-21,60.0,73.0
2016-01-22,,80.0
2016-01-23,,83.0
2016-01-24,,62.0
2016-01-25,,48.0
2016-01-26,37.0,37.0
2016-01-27,38.0,38.0
2016-01-28,58.0,60.0
2016-01-29,47.0,53.0
2016-01-30,76.0,91.0
2016-01-31,42.0,63.0
2016-02-01,39.0,59.0
2016-02-02,55.0,80.0
2016-02-03,43.0,59.0
2016-02-04,9.0,12.0
2016-02-05,32.0,39.0
2016-02-06,38.0,44.0
2016-02-07,57.0,64.0
2016-02-08,,
2016-02-09,11.0,15.0
2016-02-10,6.0,9.0
2016-02-11,13.0,16.0
2016-02-12,13.0,15.0
2016-02-13,29.0,32.0
2016-02-14,35.0,40.0
2016-02-15,19.0,22.0
2016-02-16,15.0,15.0
2016-02-17,12.0,15.0
2016-02-18,14.0,18.0
2016-02-19,12.0,16.0
2016-02-20,18.0,20.0
2016-02-21,19.0,23.0
2016-02-22,25.0,35.0
2016-02-23,28.0,45.0
2016-02-24,19.0,30.0
2016-02-25,26.0,32.0
2016-02-26,31.0,40.0
2016-02-27,21.0,22.0
2016-02-28,10.0,15.0
2016-02-29,8.0,10.0
2016-03-01,14.0,17.0
2016-03-02,7.0,13.0
2016-03-03,12.0,14.0
2016-03-04,11.0,15.0
2016-03-05,5.0,9.0
2016-03-06,32.0,32.0
2016-03-07,20.0,21.0
2016-03-08,11.0,13.0
2016-03-09,12.0,13.0
2016-03-10,22.0,24.0
2016-03-11,22.0,26.0
2016-03-12,26.0,31.0
2016-03-13,21.0,25.0
2016-03-14,16.0,24.0
2016-03-15,17.0,23.0
2016-03-16,14.0,19.0
2016-03-17,26.0,32.0
2016-03-18,26.0,31.0
2016-03-19,14.0,18.0
2016-03-20,10.0,13.0
2016-03-21,18.0,24.0
2016-03-22,16.0,22.0
2016-03-23,10.0,21.0
2016-03-24,11.0,20.0
2016-03-25,21.0,26.0
2016-03-26,26.0,35.0
2016-03-27,26.0,26.0
2016-03-28,23.0,27.0
2016-03-29,9.0,13.0
2016-03-30,11.0,19.0
2016-03-31,16.0,26.0
2016-04-01,26.0,39.0
2016-04-02,25.0,45.0
2016-04-03,17.0,26.0
2016-04-04,36.0,54.0
2016-04-05,36.0,50.0
2016-04-06,42.0,60.0
2016-04-07,50.0,66.0
2016-04-08,40.0,58.0
2016-04-09,15.0,25.0
2016-04-10,10.0,17.0
2016-04-11,10.0,14.0
2016-04-12,13.0,23.0
2016-04-13,11.0,20.0
2016-04-14,6.0,13.0
2016-04-15,7.0,13.0
2016-04-16,7.0,13.0
2016-04-17,10.0,18.0
2016-04-18,7.0,13.0
2016-04-19,7.0,15.0
2016-04-20,11.0,18.0
2016-04-21,13.0,21.0
2016-04-22,6.0,13.0
2016-04-23,4.0,9.0
2016-04-24,0.0,1.0
2016-04-25,0.0,3.0
2016-04-26,6.0,9.0
2016-04-27,9.0,13.0
2016-04-28,13.0,22.0
2016-04-29,13.0,21.0
2016-04-30,10.0,15.0
2016-05-01,7.0,9.0
2016-05-02,7.0,9.0
2016-05-03,6.0,8.0
2016-05-04,10.0,11.0
2016-05-05,9.0,14.0
2016-05-06,12.0,16.0
2016-05-07,12.0,16.0
2016-05-08,10.0,14.0
2016-05-09,15.0,18.0
2016-05-10,38.0,44.0
2016-05-11,23.0,31.0
2016-05-12,0.0,3.0
2016-05-13,1.0,7.0
2016-05-14,6.0,11.0
2016-05-15,8.0,14.0
2016-05-16,11.0,16.0
2016-05-17,11.0,18.0
2016-05-18,11.0,16.0
2016-05-19,4.0,9.0
2016-05-20,7.0,12.0
2016-05-21,6.0,10.0
2016-05-22,8.0,11.0
2016-05-23,4.0,7.0
2016-05-24,0.0,3.0
2016-05-25,7.0,14.0
2016-05-26,,
2016-05-27,13.0,24.0
2016-05-28,14.0,23.0
2016-05-29,9.0,16.0
2016-05-30,4.0,9.0
2016-05-31,5.0,8.0
2016-06-01,3.0,8.0
2016-06-02,5.0,9.0
2016-06-03,4.0,10.0
2016-06-04,4.0,10.0
2016-06-05,8.0,10.0
2016-06-06,6.0,9.0
2016-06-07,9.0,13.0
2016-06-08,13.0,17.0
2016-06-09,14.0,16.0
2016-06-10,10.0,11.0
2016-06-11,6.0,8.0
2016-06-12,6.0,10.0
2016-06-13,3.0,7.0
2016-06-14,5.0,13.0
2016-06-15,2.0,9.0
2016-06-16,8.0,18.0
2016-06-17,8.0,13.0
2016-06-18,9.0,16.0
2016-06-19,7.0,13.0
2016-06-20,7.0,12.0
2016-06-21,7.0,10.0
2016-06-22,10.0,15.0
2016-06-23,15.0,23.0
2016-06-24,19.0,29.0
2016-06-25,15.0,24.0
2016-06-26,7.0,14.0
2016-06-27,9.0,14.0
2016-06-28,9.0,16.0
2016-06-29,12.0,20.0
2016-06-30,14.0,21.0
2016-07-01,16.0,26.0
2016-07-02,14.0,22.0
2016-07-03,18.0,23.0
2016-07-04,9.0,18.0
2016-07-05,12.0,20.0
2016-07-06,17.0,25.0
2016-07-07,17.0,26.0
2016-07-08,14.0,22.0
2016-07-09,15.0,22.0
2016-07-10,16.0,22.0
2016-07-11,14.0,23.0
2016-07-12,11.0,20.0
2016-07-13,8.0,16.0
2016-07-14,6.0,10.0
2016-07-15,8.0,14.0
2016-07-16,9.0,12.0
2016-07-17,11.0,13.0
2016-07-18,10.0,16.0
2016-07-19,13.0,20.0
2016-07-20,16.0,24.0
2016-07-21,10.0,17.0
2016-07-22,13.0,21.0
2016-07-23,13.0,23.0
2016-07-24,13.0,19.0
2016-07-25,14.0,23.0
2016-07-26,16.0,25.0
2016-07-27,14.0,21.0
2016-07-28,8.0,11.0
2016-07-29,12.0,19.0
2016-07-30,14.0,21.0
2016-07-31,13.0,20.0
2016-08-01,8.0,16.0
2016-08-02,9.0,17.0
2016-08-03,12.0,19.0
2016-08-04,11.0,21.0
2016-08-05,6.0,14.0
2016-08-06,5.0,10.0
2016-08-07,8.0,13.0
2016-08-08,10.0,18.0
2016-08-09,9.0,16.0
2016-08-10,8.0,11.0
2016-08-11,4.0,8.0
2016-08-12,9.0,12.0
2016-08-13,9.0,13.0
2016-08-14,7.0,11.0
2016-08-15,5.0,9.0
2016-08-16,6.0,10.0
2016-08-17,3.0,10.0
2016-08-18,9.0,17.0
2016-08-19,13.0,19.0
2016-08-20,13.0,16.0
2016-08-21,17.0,19.0
2016-08-22,6.0,11.0
2016-08-23,7.0,11.0
2016-08-24,8.0,15.0
2016-08-25,12.0,18.0
2016-08-26,12.0,19.0
2016-08-27,11.0,15.0
2016-08-28,11.0,17.0
2016-08-29,14.0,23.0
2016-08-30,17.0,21.0
2016-08-31,13.0,20.0
2016-09-01,12.0,17.0
2016-09-02,11.0,18.0
2016-09-03,12.0,20.0
2016-09-04,13.0,21.0
2016-09-05,16.0,26.0
2016-09-06,12.0,16.0
2016-09-07,13.0,19.0
2016-09-08,20.0,25.0
2016-09-09,19.0,24.0
2016-09-10,17.0,26.0
2016-09-11,18.0,27.0
2016-09-12,24.0,35.0
2016-09-13,19.0,31.0
2016-09-14,19.0,30.0
2016-09-15,11.0,20.0
2016-09-16,,
2016-09-17,8.0,14.0
2016-09-18,5.0,11.0
2016-09-19,6.0,10.0
2016-09-20,11.0,15.0
2016-09-21,12.0,19.0
2016-09-22,16.0,26.0
2016-09-23,13.0,21.0
2016-09-24,11.0,19.0
2016-09-25,9.0,16.0
2016-09-26,10.0,17.0
2016-09-27,13.0,19.0
2016-09-28,15.0,22.0
2016-09-29,19.0,30.0
2016-09-30,9.0,14.0
2016-10-01,7.0,12.0
2016-10-02,14.0,19.0
2016-10-03,11.0,18.0
2016-10-04,9.0,13.0
2016-10-05,9.0,17.0
2016-10-06,10.0,15.0
2016-10-07,10.0,14.0
2016-10-08,16.0,23.0
2016-10-09,15.0,19.0
2016-10-10,14.0,18.0
2016-10-11,11.0,17.0
2016-10-12,17.0,21.0
2016-10-13,32.0,39.0
2016-10-14,18.0,18.0
2016-10-15,18.0,21.0
2016-10-16,16.0,20.0
2016-10-17,30.0,36.0
2016-10-18,39.0,51.0
2016-10-19,29.0,36.0
2016-10-20,17.0,23.0
2016-10-21,14.0,24.0
2016-10-22,16.0,22.0
2016-10-23,32.0,40.0
2016-10-24,22.0,31.0
2016-10-25,30.0,42.0
2016-10-26,27.0,51.0
2016-10-27,16.0,24.0
2016-10-28,15.0,23.0
2016-10-29,26.0,34.0
2016-10-30,37.0,47.0
2016-10-31,50.0,64.0
2016-11-01,51.0,64.0
2016-11-02,39.0,52.0
2016-11-03,50.0,73.0
2016-11-04,31.0,49.0
2016-11-05,27.0,33.0
2016-11-06,7.0,12.0
2016-11-07,5.0,14.0
2016-11-08,20.0,27.0
2016-11-09,33.0,41.0
2016-11-10,53.0,62.0
2016-11-11,43.0,49.0
2016-11-12,11.0,14.0
2016-11-13,30.0,36.0
2016-11-14,31.0,39.0
2016-11-15,,
2016-11-16,41.0,48.0
2016-11-17,59.0,65.0
2016-11-18,88.0,102.0
2016-11-19,38.0,64.0
2016-11-20,20.0,33.0
2016-11-21,32.0,43.0
2016-11-22,29.0,43.0
2016-11-23,38.0,50.0
2016-11-24,25.0,35.0
2016-11-25,22.0,29.0
2016-11-26,16.0,17.0
2016-11-27,15.0,18.0
2016-11-28,7.0,17.0
2016-11-29,16.0,23.0
2016-11-30,23.0,29.0
2016-12-01,35.0,41.0
2016-12-02,50.0,57.0
2016-12-03,44.0,52.0
2016-12-04,53.0,63.0
2016-12-05,48.0,60.0
2016-12-06,47.0,63.0
2016-12-07,41.0,58.0
2016-12-08,44.0,52.0
2016-12-09,45.0,53.0
2016-12-10,43.0,48.0
2016-12-11,55.0,71.0
2016-12-12,36.0,54.0
2016-12-13,27.0,38.0
2016-12-14,30.0,44.0
2016-12-15,33.0,45.0
2016-12-16,51.0,61.0
2016-12-17,35.0,39.0
2016-12-18,40.0,44.0
2016-12-19,68.0,81.0
2016-12-20,40.0,43.0
2016-12-21,23.0,25.0
2016-12-22,18.0,25.0
2016-12-23,17.0,23.0
2016-12-24,18.0,22.0
2016-12-25,23.0,24.0
2016-12-26,26.0,28.0
2016-12-27,17.0,20.0
2016-12-28,19.0,25.0
2016-12-29,25.0,32.0
2016-12-30,27.0,34.0
2016-12-31,33.0,40.0
2017-01-01,36.0,40.0
2017-01-02,60.0,64.0
2017-01-03,69.0,78.0
2017-01-04,34.0,41.0
2017-01-05,22.0,27.0
2017-01-06,19.0,24.0
2017-01-07,31.0,34.0
2017-01-08,48.0,52.0
2017-01-09,49.0,58.0
2017-01-10,58.0,65.0
2017-01-11,44.0,55.0
2017-01-12,59.0,69.0
2017-01-13,46.0,53.0
2017-01-14,11.0,16.0
2017-01-15,39.0,42.0
2017-01-16,25.0,31.0
2017-01-17,,
2017-01-18,23.0,35.0
2017-01-19,25.0,37.0
2017-01-20,26.0,34.0
2017-01-21,39.0,50.0
2017-01-22,55.0,62.0
2017-01-23,51.0,58.0
2017-01-24,30.0,39.0
2017-01-25,38.0,48.0
2017-01-26,47.0,57.0
2017-01-27,58.0,70.0
2017-01-28,78.0,87.0
2017-01-29,92.0,98.0
2017-01-30,94.0,108.0
2017-01-31,154.0,184.0
2017-02-01,157.0,201.0
2017-02-02,156.0,199.0
2017-02-03,106.0,131.0
2017-02-04,23.0,28.0
2017-02-05,18.0,22.0
2017-02-06,11.0,11.0
2017-02-07,14.0,20.0
2017-02-08,26.0,32.0
2017-02-09,39.0,45.0
2017-02-10,34.0,44.0
2017-02-11,54.0,62.0
2017-02-12,72.0,84.0
2017-02-13,63.0,76.0
2017-02-14,46.0,57.0
2017-02-15,34.0,40.0
2017-02-16,22.0,29.0
2017-02-17,31.0,42.0
2017-02-18,50.0,62.0
2017-02-19,41.0,48.0
2017-02-20,43.0,53.0
2017-02-21,37.0,48.0
2017-02-22,57.0,71.0
2017-02-23,52.0,63.0
2017-02-24,63.0,79.0
2017-02-25,10.0,14.0
2017-02-26,19.0,21.0
2017-02-27,32.0,35.0
2017-02-28,7.0,11.0
2017-03-01,4.0,6.0
2017-03-02,20.0,32.0
2017-03-03,25.0,38.0
2017-03-04,23.0,33.0
2017-03-05,2.0,4.0
2017-03-06,7.0,13.0
2017-03-07,9.0,12.0
2017-03-08,11.0,15.0
2017-03-09,19.0,22.0
2017-03-10,17.0,23.0
2017-03-11,10.0,15.0
2017-03-12,15.0,20.0
2017-03-13,28.0,35.0
2017-03-14,21.0,28.0
2017-03-15,32.0,41.0
2017-03-16,40.0,49.0
2017-03-17,36.0,47.0
2017-03-18,22.0,32.0
2017-03-19,28.0,38.0
2017-03-20,41.0,54.0
2017-03-21,46.0,62.0
2017-03-22,47.0,68.0
2017-03-23,33.0,45.0
2017-03-24,30.0,39.0
2017-03-25,32.0,42.0
2017-03-26,8.0,11.0
2017-03-27,13.0,19.0
2017-03-28,14.0,22.0
2017-03-29,17.0,23.0
2017-03-30,14.0,21.0
2017-03-31,16.0,24.0
2017-04-01,13.0,20.0
2017-04-02,22.0,36.0
2017-04-03,13.0,23.0
2017-04-04,19.0,24.0
2017-04-05,19.0,24.0
2017-04-06,19.0,23.0
2017-04-07,15.0,21.0
2017-04-08,22.0,29.0
2017-04-09,18.0,23.0
2017-04-10,13.0,18.0
2017-04-11,12.0,17.0
2017-04-12,9.0,18.0
2017-04-13,11.0,17.0
2017-04-14,17.0,26.0
2017-04-15,11.0,17.0
2017-04-16,7.0,8.0
2017-04-17,4.0,7.0
2017-04-18,7.0,10.0
2017-04-19,8.0,13.0
2017-04-20,11.0,16.0
2017-04-21,17.0,20.0
2017-04-22,14.0,17.0
2017-04-23,14.0,21.0
2017-04-24,,29.0
2017-04-25,10.0,11.0
2017-04-26,12.0,20.0
2017-04-27,18.0,26.0
2017-04-28,7.0,10.0
2017-04-29,9.0,13.0
2017-04-30,13.0,14.0
2017-05-01,13.0,17.0
2017-05-02,8.0,11.0
2017-05-03,9.0,12.0
2017-05-04,7.0,12.0
2017-05-05,7.0,10.0
2017-05-06,20.0,24.0
2017-05-07,2.0,3.0
2017-05-08,5.0,8.0
2017-05-09,3.0,6.0
2017-05-10,7.0,15.0
2017-05-11,15.0,26.0
2017-05-12,,
2017-05-13,9.0,19.0
2017-05-14,11.0,20.0
2017-05-15,11.0,17.0
2017-05-16,9.0,15.0
2017-05-17,8.0,14.0
2017-05-18,9.0,16.0
2017-05-19,5.0,11.0
2017-05-20,6.0,11.0
2017-05-21,5.0,10.0
2017-05-22,9.0,16.0
2017-05-23,10.0,16.0
2017-05-24,7.0,15.0
2017-05-25,8.0,17.0
2017-05-26,8.0,16.0
2017-05-27,8.0,16.0
2017-05-28,9.0,16.0
2017-05-29,11.0,19.0
2017-05-30,12.0,20.0
2017-05-31,8.0,16.0
2017-06-01,8.0,14.0
2017-06-02,10.0,17.0
2017-06-03,9.0,17.0
2017-06-04,4.0,10.0
2017-06-05,8.0,16.0
2017-06-06,8.0,16.0
2017-06-07,9.0,22.0
2017-06-08,8.0,17.0
2017-06-09,11.0,20.0
2017-06-10,13.0,23.0
2017-06-11,10.0,17.0
2017-06-12,13.0,21.0
2017-06-13,16.0,25.0
2017-06-14,,
2017-06-15,17.0,
2017-06-16,19.0,
2017-06-17,19.0,24.0
2017-06-18,9.0,
2017-06-19,9.0,
2017-06-20,10.0,20.0
2017-06-21,12.0,21.0
2017-06-22,12.0,23.0
2017-06-23,17.0,27.0
2017-06-24,16.0,24.0
2017-06-25,14.0,21.0
2017-06-26,15.0,22.0
2017-06-27,15.0,22.0
2017-06-28,11.0,20.0
2017-06-29,5.0,9.0
2017-06-30,6.0,13.0
2017-07-01,9.0,14.0
2017-07-02,10.0,18.0
2017-07-03,10.0,18.0
2017-07-04,11.0,23.0
2017-07-05,10.0,20.0
2017-07-06,11.0,22.0
2017-07-07,8.0,15.0
2017-07-08,13.0,23.0
2017-07-09,13.0,24.0
2017-07-10,9.0,16.0
2017-07-11,13.0,20.0
2017-07-12,17.0,25.0
2017-07-13,16.0,24.0
2017-07-14,11.0,19.0
2017-07-15,8.0,13.0
2017-07-16,8.0,13.0
2017-07-17,10.0,18.0
2017-07-18,12.0,21.0
2017-07-19,12.0,
2017-07-20,10.0,23.0
2017-07-21,12.0,26.0
2017-07-22,11.0,25.0
2017-07-23,11.0,18.0
2017-07-24,12.0,18.0
2017-07-25,4.0,
2017-07-26,3.0,
2017-07-27,7.0,15.0
2017-07-28,15.0,28.0
2017-07-29,18.0,28.0
2017-07-30,7.0,14.0
2017-07-31,13.0,
2017-08-01,17.0,
2017-08-02,17.0,33.0
2017-08-03,16.0,37.0
2017-08-04,16.0,32.0
2017-08-05,22.0,38.0
2017-08-06,18.0,31.0
2017-08-07,10.0,19.0
2017-08-08,12.0,17.0
2017-08-09,11.0,21.0
2017-08-10,8.0,14.0
2017-08-11,3.0,8.0
2017-08-12,5.0,10.0
2017-08-13,6.0,10.0
2017-08-14,8.0,12.0
2017-08-15,9.0,11.0
2017-08-16,11.0,15.0
2017-08-17,10.0,16.0
2017-08-18,10.0,16.0
2017-08-19,11.0,21.0
2017-08-20,5.0,12.0
2017-08-21,7.0,13.0
2017-08-22,8.0,16.0
2017-08-23,11.0,23.0
2017-08-24,13.0,24.0
2017-08-25,,
2017-08-26,13.0,22.0
2017-08-27,13.0,21.0
2017-08-28,15.0,31.0
2017-08-29,10.0,23.0
2017-08-30,13.0,28.0
2017-08-31,16.0,34.0
2017-09-01,6.0,16.0
2017-09-02,6.0,12.0
2017-09-03,2.0,6.0
2017-09-04,8.0,15.0
2017-09-05,12.0,20.0
2017-09-06,11.0,18.0
2017-09-07,17.0,19.0
2017-09-08,11.0,15.0
2017-09-09,8.0,13.0
2017-09-10,10.0,13.0
2017-09-11,4.0,10.0
2017-09-12,8.0,16.0
2017-09-13,10.0,22.0
2017-09-14,12.0,23.0
2017-09-15,26.0,39.0
2017-09-16,16.0,24.0
2017-09-17,5.0,11.0
2017-09-18,9.0,18.0
2017-09-19,4.0,11.0
2017-09-20,6.0,11.0
2017-09-21,9.0,14.0
2017-09-22,11.0,22.0
2017-09-23,13.0,24.0
2017-09-24,13.0,22.0
2017-09-25,9.0,14.0
2017-09-26,14.0,19.0
2017-09-27,21.0,28.0
2017-09-28,19.0,31.0
2017-09-29,17.0,29.0
2017-09-30,18.0,28.0
2017-10-01,25.0,33.0
2017-10-02,34.0,46.0
2017-10-03,36.0,47.0
2017-10-04,58.0,74.0
2017-10-05,36.0,48.0
2017-10-06,8.0,17.0
2017-10-07,4.0,7.0
2017-10-08,7.0,13.0
2017-10-09,16.0,26.0
2017-10-10,19.0,31.0
2017-10-11,26.0,39.0
2017-10-12,21.0,30.0
2017-10-13,31.0,46.0
2017-10-14,35.0,47.0
2017-10-15,26.0,34.0
2017-10-16,21.0,33.0
2017-10-17,29.0,44.0
2017-10-18,35.0,51.0
2017-10-19,43.0,64.0
2017-10-20,60.0,87.0
2017-10-21,66.0,88.0
2017-10-22,61.0,88.0
2017-10-23,7.0,13.0
2017-10-24,7.0,12.0
2017-10-25,16.0,26.0
2017-10-26,30.0,42.0
2017-10-27,46.0,63.0
2017-10-28,48.0,62.0
2017-10-29,19.0,26.0
2017-10-30,47.0,64.0
2017-10-31,28.0,38.0
2017-11-01,26.0,33.0
2017-11-02,30.0,43.0
2017-11-03,56.0,77.0
2017-11-04,94.0,113.0
2017-11-05,62.0,75.0
2017-11-06,6.0,8.0
2017-11-07,9.0,9.0
2017-11-08,19.0,23.0
2017-11-09,48.0,56.0
2017-11-10,36.0,46.0
2017-11-11,26.0,34.0
2017-11-12,26.0,41.0
2017-11-13,8.0,11.0
2017-11-14,14.0,20.0
2017-11-15,18.0,25.0
2017-11-16,20.0,26.0
2017-11-17,23.0,27.0
2017-11-18,18.0,23.0
2017-11-19,25.0,33.0
2017-11-20,30.0,36.0
2017-11-21,28.0,37.0
2017-11-22,34.0,43.0
2017-11-23,56.0,69.0
2017-11-24,40.0,54.0
2017-11-25,61.0,80.0
2017-11-26,14.0,18.0
2017-11-27,11.0,13.0
2017-11-28,19.0,26.0
2017-11-29,34.0,41.0
2017-11-30,17.0,20.0
2017-12-01,22.0,26.0
2017-12-02,28.0,32.0
2017-12-03,21.0,24.0
2017-12-04,26.0,31.0
2017-12-05,38.0,45.0
2017-12-06,26.0,33.0
2017-12-07,32.0,40.0
2017-12-08,78.0,99.0
2017-12-09,8.0,11.0
2017-12-10,14.0,17.0
2017-12-11,23.0,28.0
2017-12-12,50.0,59.0
2017-12-13,37.0,45.0
2017-12-14,47.0,55.0
2017-12-15,26.0,33.0
2017-12-16,24.0,30.0
2017-12-17,17.0,
2017-12-18,28.0,
2017-12-19,47.0,51.0
2017-12-20,46.0,53.0
2017-12-21,,53.0
2017-12-22,,55.0
2017-12-23,26.0,28.0
2017-12-24,24.0,26.0
2017-12-25,28.0,28.0
2017-12-26,52.0,69.0
2017-12-27,20.0,28.0
2017-12-28,6.0,7.0
2017-12-29,7.0,11.0
2017-12-30,22.0,26.0
2017-12-31,36.0,40.0
2018-01-01,46.0,50.0
2018-01-02,16.0,17.0
2018-01-03,11.0,14.0
2018-01-04,16.0,21.0
2018-01-05,41.0,47.0
2018-01-06,58.0,64.0
2018-01-07,51.0,62.0
2018-01-08,27.0,33.0
2018-01-09,19.0,35.0
2018-01-10,16.0,28.0
2018-01-11,28.0,38.0
2018-01-12,31.0,37.0
2018-01-13,32.0,42.0
2018-01-14,32.0,38.0
2018-01-15,50.0,61.0
2018-01-16,35.0,49.0
2018-01-17,11.0,18.0
2018-01-18,16.0,24.0
2018-01-19,24.0,41.0
2018-01-20,38.0,47.0
2018-01-21,27.0,33.0
2018-01-22,36.0,46.0
2018-01-23,38.0,45.0
2018-01-24,46.0,54.0
2018-01-25,53.0,63.0
2018-01-26,81.0,102.0
2018-01-27,63.0,80.0
2018-01-28,30.0,33.0
2018-01-29,,44.0
2018-01-30,41.0,61.0
2018-01-31,66.0,82.0
2018-02-01,24.0,39.0
2018-02-02,6.0,8.0
2018-02-03,8.0,9.0
2018-02-04,21.0,22.0
2018-02-05,40.0,45.0
2018-02-06,41.0,45.0
2018-02-07,21.0,34.0
2018-02-08,21.0,27.0
2018-02-09,22.0,32.0
2018-02-10,34.0,38.0
2018-02-11,33.0,35.0
2018-02-12,35.0,38.0
2018-02-13,12.0,15.0
2018-02-14,20.0,25.0
2018-02-15,28.0,36.0
2018-02-16,44.0,53.0
2018-02-17,68.0,77.0
2018-02-18,35.0,37.0
2018-02-19,15.0,19.0
2018-02-20,,
2018-02-21,22.0,26.0
2018-02-22,13.0,17.0
2018-02-23,11.0,16.0
2018-02-24,18.0,26.0
2018-02-25,26.0,30.0
2018-02-26,23.0,28.0
2018-02-27,33.0,36.0
2018-02-28,32.0,35.0
2018-03-01,47.0,47.0
2018-03-02,41.0,43.0
2018-03-03,35.0,35.0
2018-03-04,41.0,52.0
2018-03-05,40.0,47.0
2018-03-06,30.0,32.0
2018-03-07,19.0,20.0
2018-03-08,21.0,22.0
2018-03-09,18.0,24.0
2018-03-10,25.0,30.0
2018-03-11,35.0,41.0
2018-03-12,17.0,24.0
2018-03-13,14.0,21.0
2018-03-14,10.0,20.0
2018-03-15,15.0,25.0
2018-03-16,16.0,21.0
2018-03-17,20.0,27.0
2018-03-18,7.0,13.0
2018-03-19,11.0,12.0
2018-03-20,23.0,28.0
2018-03-21,23.0,33.0
2018-03-22,22.0,28.0
2018-03-23,17.0,23.0
2018-03-24,15.0,20.0
2018-03-25,20.0,24.0
2018-03-26,29.0,33.0
2018-03-27,24.0,31.0
2018-03-28,30.0,40.0
2018-03-29,25.0,39.0
2018-03-30,4.0,11.0
2018-03-31,0.0,2.0
2018-04-01,1.0,6.0
2018-04-02,9.0,15.0
2018-04-03,15.0,26.0
2018-04-04,23.0,36.0
2018-04-05,23.0,29.0
2018-04-06,19.0,29.0
2018-04-07,13.0,20.0
2018-04-08,13.0,17.0
2018-04-09,10.0,15.0
2018-04-10,6.0,12.0
2018-04-11,13.0,21.0
2018-04-12,17.0,31.0
2018-04-13,,14.0
2018-04-14,13.0,21.0
2018-04-15,15.0,26.0
2018-04-16,14.0,34.0
2018-04-17,16.0,38.0
2018-04-18,14.0,27.0
2018-04-19,16.0,28.0
2018-04-20,11.0,25.0
2018-04-21,9.0,20.0
2018-04-22,6.0,16.0
2018-04-23,10.0,24.0
2018-04-24,11.0,29.0
2018-04-25,9.0,24.0
2018-04-26,13.0,31.0
2018-04-27,11.0,31.0
2018-04-28,14.0,27.0
2018-04-29,12.0,22.0
2018-04-30,3.0,9.0
2018-05-01,5.0,12.0
2018-05-02,9.0,13.0
2018-05-03,13.0,
2018-05-04,10.0,30.0
2018-05-05,12.0,27.0
2018-05-06,16.0,26.0
2018-05-07,16.0,29.0
2018-05-08,11.0,20.0
2018-05-09,12.0,19.0
2018-05-10,10.0,15.0
2018-05-11,8.0,17.0
2018-05-12,11.0,16.0
2018-05-13,7.0,14.0
2018-05-14,1.0,5.0
2018-05-15,4.0,11.0
2018-05-16,6.0,14.0
2018-05-17,9.0,14.0
2018-05-18,8.0,14.0
2018-05-19,8.0,13.0
2018-05-20,9.0,13.0
2018-05-21,7.0,14.0
2018-05-22,11.0,13.0
2018-05-23,6.0,9.0
2018-05-24,8.0,12.0
2018-05-25,13.0,20.0
2018-05-26,13.0,23.0
2018-05-27,10.0,18.0
2018-05-28,16.0,24.0
2018-05-29,14.0,22.0
2018-05-30,11.0,23.0
2018-05-31,15.0,23.0
2018-06-01,8.0,16.0
2018-06-02,9.0,15.0
2018-06-03,10.0,17.0
2018-06-04,12.0,21.0
2018-06-05,6.0,12.0
2018-06-06,6.0,13.0
2018-06-07,8.0,15.0
2018-06-08,7.0,11.0
2018-06-09,4.0,11.0
2018-06-10,8.0,12.0
2018-06-11,11.0,29.0
2018-06-12,7.0,20.0
2018-06-13,5.0,11.0
2018-06-14,4.0,10.0
2018-06-15,4.0,13.0
2018-06-16,6.0,15.0
2018-06-17,11.0,16.0
2018-06-18,11.0,19.0
2018-06-19,13.0,20.0
2018-06-20,10.0,16.0
2018-06-21,9.0,16.0
2018-06-22,7.0,17.0
2018-06-23,4.0,10.0
2018-06-24,6.0,11.0
2018-06-25,7.0,14.0
2018-06-26,4.0,9.0
2018-06-27,4.0,11.0
2018-06-28,4.0,8.0
2018-06-29,4.0,8.0
2018-06-30,5.0,11.0
2018-07-01,11.0,18.0
2018-07-02,16.0,22.0
2018-07-03,16.0,22.0
2018-07-04,10.0,12.0
2018-07-05,12.0,17.0
2018-07-06,11.0,16.0
2018-07-07,6.0,12.0
2018-07-08,8.0,12.0
2018-07-09,9.0,15.0
2018-07-10,10.0,16.0
2018-07-11,17.0,24.0
2018-07-12,12.0,18.0
2018-07-13,14.0,21.0
2018-07-14,13.0,20.0
2018-07-15,11.0,18.0
2018-07-16,11.0,17.0
2018-07-17,5.0,12.0
2018-07-18,,15.0
2018-07-19,10.0,18.0
2018-07-20,16.0,23.0
2018-07-21,19.0,23.0
2018-07-22,9.0,13.0
2018-07-23,7.0,10.0
2018-07-24,10.0,15.0
2018-07-25,11.0,18.0
2018-07-26,15.0,22.0
2018-07-27,12.0,17.0
2018-07-28,11.0,16.0
2018-07-29,14.0,20.0
2018-07-30,15.0,22.0
2018-07-31,17.0,25.0
2018-08-01,17.0,25.0
2018-08-02,18.0,28.0
2018-08-03,14.0,22.0
2018-08-04,14.0,20.0
2018-08-05,13.0,18.0
2018-08-06,15.0,22.0
2018-08-07,13.0,20.0
2018-08-08,14.0,18.0
2018-08-09,15.0,21.0
2018-08-10,12.0,17.0
2018-08-11,10.0,15.0
2018-08-12,10.0,16.0
2018-08-13,6.0,11.0
2018-08-14,6.0,11.0
2018-08-15,5.0,9.0
2018-08-16,5.0,9.0
2018-08-17,8.0,13.0
2018-08-18,10.0,16.0
2018-08-19,15.0,20.0
2018-08-20,15.0,23.0
2018-08-21,14.0,21.0
2018-08-22,12.0,18.0
2018-08-23,13.0,20.0
2018-08-24,13.0,19.0
2018-08-25,13.0,20.0
2018-08-26,2.0,5.0
2018-08-27,4.0,9.0
2018-08-28,8.0,13.0
2018-08-29,10.0,17.0
2018-08-30,9.0,15.0
2018-08-31,11.0,18.0
2018-09-01,4.0,7.0
2018-09-02,5.0,8.0
2018-09-03,8.0,11.0
2018-09-04,9.0,13.0
2018-09-05,8.0,15.0
2018-09-06,9.0,16.0
2018-09-07,,
2018-09-08,13.0,19.0
2018-09-09,12.0,18.0
2018-09-10,13.0,22.0
2018-09-11,16.0,26.0
2018-09-12,14.0,23.0
2018-09-13,15.0,25.0
2018-09-14,11.0,19.0
2018-09-15,17.0,26.0
2018-09-16,18.0,23.0
2018-09-17,15.0,20.0
2018-09-18,11.0,17.0
2018-09-19,15.0,24.0
2018-09-20,17.0,26.0
2018-09-21,,
2018-09-22,,
2018-09-23,,
2018-09-24,,
2018-09-25,8.0,21.0
2018-09-26,12.0,20.0
2018-09-27,11.0,21.0
2018-09-28,13.0,22.0
2018-09-29,11.0,22.0
2018-09-30,8.0,14.0
2018-10-01,12.0,18.0
2018-10-02,8.0,12.0
2018-10-03,12.0,17.0
2018-10-04,16.0,22.0
2018-10-05,16.0,22.0
2018-10-06,17.0,24.0
2018-10-07,9.0,12.0
2018-10-08,9.0,19.0
2018-10-09,19.0,25.0
2018-10-10,35.0,41.0
2018-10-11,49.0,55.0
2018-10-12,41.0,47.0
2018-10-13,37.0,44.0
2018-10-14,36.0,42.0
2018-10-15,34.0,44.0
2018-10-16,45.0,51.0
2018-10-17,34.0,41.0
2018-10-18,31.0,
2018-10-19,35.0,50.0
2018-10-20,32.0,45.0
2018-10-21,19.0,32.0
2018-10-22,11.0,20.0
2018-10-23,12.0,18.0
2018-10-24,4.0,10.0
2018-10-25,31.0,44.0
2018-10-26,37.0,51.0
2018-10-27,7.0,13.0
2018-10-28,10.0,16.0
2018-10-29,8.0,24.0
2018-10-30,8.0,11.0
2018-10-31,14.0,22.0
2018-11-01,20.0,26.0
2018-11-02,19.0,26.0
2018-11-03,19.0,22.0
2018-11-04,22.0,30.0
2018-11-05,15.0,24.0
2018-11-06,15.0,26.0
2018-11-07,13.0,24.0
2018-11-08,10.0,21.0
2018-11-09,26.0,42.0
2018-11-10,26.0,36.0
2018-11-11,43.0,52.0
2018-11-12,42.0,57.0
2018-11-13,21.0,29.0
2018-11-14,29.0,41.0
2018-11-15,32.0,45.0
2018-11-16,24.0,31.0
2018-11-17,20.0,26.0
2018-11-18,20.0,26.0
2018-11-19,19.0,25.0
2018-11-20,9.0,13.0
2018-11-21,,
2018-11-22,,34.0
2018-11-23,30.0,38.0
2018-11-24,13.0,16.0
2018-11-25,11.0,14.0
2018-11-26,14.0,16.0
2018-11-27,17.0,23.0
2018-11-28,24.0,33.0
2018-11-29,29.0,39.0
2018-11-30,44.0,53.0
2018-12-01,54.0,63.0
2018-12-02,59.0,66.0
2018-12-03,64.0,72.0
2018-12-04,49.0,63.0
2018-12-05,45.0,52.0
2018-12-06,42.0,49.0
2018-12-07,29.0,37.0
2018-12-08,9.0,13.0
2018-12-09,16.0,19.0
2018-12-10,3.0,5.0
2018-12-11,13.0,18.0
2018-12-12,26.0,34.0
2018-12-13,38.0,44.0
2018-12-14,24.0,28.0
2018-12-15,29.0,31.0
2018-12-16,38.0,43.0
2018-12-17,36.0,39.0
2018-12-18,31.0,36.0
2018-12-19,51.0,59.0
2018-12-20,44.0,49.0
2018-12-21,28.0,31.0
2018-12-22,39.0,41.0
2018-12-23,17.0,20.0
2018-12-24,21.0,24.0
2018-12-25,25.0,26.0
2018-12-26,26.0,27.0
2018-12-27,28.0,32.0
2018-12-28,21.0,23.0
2018-12-29,19.0,22.0
2018-12-30,22.0,23.0
2018-12-31,24.0,27.0
2019-01-01,43.0,49.0
2019-01-02,41.0,46.0
2019-01-03,16.0,22.0
2019-01-04,17.0,20.0
2019-01-05,30.0,33.0
2019-01-06,16.0,18.0
2019-01-07,45.0,51.0
2019-01-08,53.0,69.0
2019-01-09,23.0,29.0
2019-01-10,12.0,15.0
2019-01-11,23.0,26.0
2019-01-12,28.0,29.0
2019-01-13,44.0,47.0
2019-01-14,17.0,19.0
2019-01-15,13.0,16.0
2019-01-16,25.0,33.0
2019-01-17,47.0,55.0
2019-01-18,45.0,52.0
2019-01-19,17.0,20.0
2019-01-20,39.0,43.0
2019-01-21,38.0,43.0
2019-01-22,17.0,18.0
2019-01-23,20.0,23.0
2019-01-24,21.0,23.0
2019-01-25,29.0,32.0
2019-01-26,38.0,46.0
2019-01-27,61.0,63.0
2019-01-28,37.0,39.0
2019-01-29,21.0,23.0
2019-01-30,33.0,33.0
2019-01-31,39.0,41.0
2019-02-01,27.0,29.0
2019-02-02,21.0,21.0
2019-02-03,30.0,30.0
2019-02-04,27.0,30.0
2019-02-05,30.0,35.0
2019-02-06,22.0,28.0
2019-02-07,35.0,42.0
2019-02-08,40.0,45.0
2019-02-09,51.0,52.0
2019-02-10,77.0,84.0
2019-02-11,15.0,17.0
2019-02-12,12.0,16.0
2019-02-13,28.0,35.0
2019-02-14,40.0,48.0
2019-02-15,42.0,52.0
2019-02-16,56.0,65.0
2019-02-17,46.0,53.0
2019-02-18,40.0,49.0
2019-02-19,34.0,43.0
2019-02-20,45.0,56.0
2019-02-21,51.0,62.0
2019-02-22,31.0,44.0
2019-02-23,21.0,32.0
2019-02-24,23.0,28.0
2019-02-25,23.0,30.0
2019-02-26,25.0,33.0
2019-02-27,21.0,28.0
2019-02-28,33.0,43.0
2019-03-01,46.0,57.0
2019-03-02,36.0,42.0
2019-03-03,21.0,24.0
2019-03-04,23.0,34.0
2019-03-05,23.0,33.0
2019-03-06,20.0,29.0
2019-03-07,20.0,30.0
2019-03-08,10.0,16.0
2019-03-09,10.0,16.0
2019-03-10,17.0,25.0
2019-03-11,9.0,16.0
2019-03-12,6.0,9.0
2019-03-13,17.0,23.0
2019-03-14,10.0,12.0
2019-03-15,13.0,17.0
2019-03-16,18.0,24.0
2019-03-17,14.0,20.0
2019-03-18,8.0,12.0
2019-03-19,11.0,17.0
2019-03-20,16.0,21.0
2019-03-21,21.0,28.0
2019-03-22,25.0,33.0
2019-03-23,22.0,26.0
2019-03-24,13.0,17.0
2019-03-25,7.0,15.0
2019-03-26,4.0,9.0
2019-03-27,11.0,17.0
2019-03-28,16.0,21.0
2019-03-29,16.0,18.0
2019-03-30,16.0,19.0
2019-03-31,17.0,20.0
2019-04-01,25.0,27.0
2019-04-02,25.0,32.0
2019-04-03,3.0,5.0
2019-04-04,0.0,3.0
2019-04-05,6.0,7.0
2019-04-06,15.0,18.0
2019-04-07,26.0,30.0
2019-04-08,14.0,15.0
2019-04-09,9.0,12.0
2019-04-10,10.0,12.0
2019-04-11,11.0,11.0
2019-04-12,15.0,17.0
2019-04-13,16.0,18.0
2019-04-14,21.0,23.0
2019-04-15,19.0,22.0
2019-04-16,20.0,26.0
2019-04-17,22.0,29.0
2019-04-18,17.0,26.0
2019-04-19,13.0,19.0
2019-04-20,12.0,18.0
2019-04-21,13.0,14.0
2019-04-22,13.0,22.0
2019-04-23,,12.0
2019-04-24,12.0,13.0
2019-04-25,20.0,27.0
2019-04-26,13.0,26.0
2019-04-27,5.0,7.0
2019-04-28,5.0,8.0
2019-04-29,6.0,10.0
2019-04-30,7.0,10.0
2019-05-01,4.0,10.0
2019-05-02,6.0,11.0
2019-05-03,8.0,12.0
2019-05-04,7.0,11.0
2019-05-05,5.0,6.0
2019-05-06,3.0,8.0
2019-05-07,10.0,14.0
2019-05-08,15.0,22.0
2019-05-09,9.0,10.0
2019-05-10,7.0,13.0
2019-05-11,4.0,9.0
2019-05-12,5.0,6.0
2019-05-13,7.0,11.0
2019-05-14,6.0,13.0
2019-05-15,8.0,11.0
2019-05-16,4.0,8.0
2019-05-17,9.0,14.0
2019-05-18,10.0,10.0
2019-05-19,2.0,2.0
2019-05-20,,
2019-05-21,9.0,14.0
2019-05-22,8.0,15.0
2019-05-23,8.0,15.0
2019-05-24,10.0,16.0
2019-05-25,7.0,12.0
2019-05-26,11.0,14.0
2019-05-27,6.0,7.0
2019-05-28,2.0,6.0
2019-05-29,2.0,4.0
2019-05-30,7.0,12.0
2019-05-31,9.0,13.0
2019-06-01,8.0,12.0
2019-06-02,5.0,9.0
2019-06-03,5.0,14.0
2019-06-04,9.0,15.0
2019-06-05,7.0,13.0
2019-06-06,8.0,12.0
2019-06-07,4.0,20.0
2019-06-08,16.0,29.0
2019-06-09,16.0,28.0
2019-06-10,18.0,37.0
2019-06-11,,43.0
2019-06-12,,31.0
2019-06-13,,
2019-06-14,15.0,
2019-06-15,19.0,
2019-06-16,10.0,18.0
2019-06-17,11.0,22.0
2019-06-18,13.0,21.0
2019-06-19,10.0,17.0
2019-06-20,7.0,15.0
2019-06-21,11.0,22.0
2019-06-22,10.0,17.0
2019-06-23,8.0,11.0
2019-06-24,11.0,14.0
2019-06-25,11.0,16.0
2019-06-26,19.0,24.0
2019-06-27,14.0,22.0
2019-06-28,19.0,35.0
2019-06-29,13.0,25.0
2019-06-30,13.0,21.0
2019-07-01,15.0,24.0
2019-07-02,10.0,16.0
2019-07-03,14.0,25.0
2019-07-04,9.0,14.0
2019-07-05,13.0,18.0
2019-07-06,12.0,21.0
2019-07-07,13.0,29.0
2019-07-08,14.0,25.0
2019-07-09,17.0,30.0
2019-07-10,10.0,19.0
2019-07-11,12.0,17.0
2019-07-12,16.0,23.0
2019-07-13,12.0,19.0
2019-07-14,5.0,10.0
2019-07-15,7.0,12.0
2019-07-16,10.0,16.0
2019-07-17,9.0,13.0
2019-07-18,11.0,15.0
2019-07-19,14.0,19.0
2019-07-20,14.0,18.0
2019-07-21,13.0,17.0
2019-07-22,14.0,24.0
2019-07-23,17.0,23.0
2019-07-24,12.0,21.0
2019-07-25,14.0,21.0
2019-07-26,11.0,18.0
2019-07-27,5.0,12.0
2019-07-28,5.0,11.0
2019-07-29,4.0,9.0
2019-07-30,9.0,15.0
2019-07-31,11.0,17.0
2019-08-01,13.0,20.0
2019-08-02,9.0,17.0
2019-08-03,6.0,10.0
2019-08-04,8.0,12.0
2019-08-05,10.0,17.0
2019-08-06,12.0,19.0
2019-08-07,12.0,20.0
2019-08-08,10.0,18.0
2019-08-09,12.0,23.0
2019-08-10,9.0,17.0
2019-08-11,9.0,17.0
2019-08-12,11.0,20.0
2019-08-13,9.0,18.0
2019-08-14,5.0,11.0
2019-08-15,7.0,10.0
2019-08-16,7.0,11.0
2019-08-17,9.0,12.0
2019-08-18,8.0,11.0
2019-08-19,8.0,13.0
2019-08-20,9.0,16.0
2019-08-21,12.0,18.0
2019-08-22,16.0,22.0
2019-08-23,15.0,17.0
2019-08-24,14.0,20.0
2019-08-25,12.0,16.0
2019-08-26,16.0,22.0
2019-08-27,19.0,27.0
2019-08-28,23.0,31.0
2019-08-29,16.0,23.0
2019-08-30,18.0,25.0
2019-08-31,19.0,26.0
2019-09-01,16.0,22.0
2019-09-02,14.0,22.0
2019-09-03,9.0,18.0
2019-09-04,6.0,15.0
2019-09-05,8.0,19.0
2019-09-06,10.0,14.0
2019-09-07,6.0,10.0
2019-09-08,4.0,8.0
2019-09-09,3.0,8.0
2019-09-10,8.0,16.0
2019-09-11,12.0,20.0
2019-09-12,16.0,21.0
2019-09-13,12.0,20.0
2019-09-14,12.0,18.0
2019-09-15,7.0,11.0
2019-09-16,8.0,14.0
2019-09-17,14.0,21.0
2019-09-18,12.0,25.0
2019-09-19,11.0,20.0
2019-09-20,12.0,23.0
2019-09-21,12.0,19.0
2019-09-22,15.0,20.0
2019-09-23,18.0,24.0
2019-09-24,5.0,10.0
2019-09-25,13.0,22.0
2019-09-26,15.0,24.0
2019-09-27,17.0,28.0
2019-09-28,7.0,14.0
2019-09-29,6.0,11.0
2019-09-30,7.0,15.0
2019-10-01,8.0,18.0
2019-10-02,5.0,11.0
2019-10-03,4.0,9.0
2019-10-04,5.0,11.0
2019-10-05,13.0,20.0
2019-10-06,10.0,19.0
2019-10-07,8.0,12.0
2019-10-08,16.0,24.0
2019-10-09,19.0,27.0
2019-10-10,36.0,45.0
2019-10-11,35.0,44.0
2019-10-12,45.0,58.0
2019-10-13,32.0,41.0
2019-10-14,45.0,57.0
2019-10-15,29.0,43.0
2019-10-16,6.0,15.0
2019-10-17,7.0,15.0
2019-10-18,11.0,22.0
2019-10-19,21.0,29.0
2019-10-20,7.0,18.0
2019-10-21,19.0,30.0
2019-10-22,24.0,34.0
2019-10-23,28.0,41.0
2019-10-24,33.0,47.0
2019-10-25,18.0,27.0
2019-10-26,21.0,30.0
2019-10-27,18.0,28.0
2019-10-28,27.0,39.0
2019-10-29,50.0,65.0
2019-10-30,16.0,28.0
2019-10-31,13.0,18.0
2019-11-01,16.0,21.0
2019-11-02,31.0,38.0
2019-11-03,12.0,20.0
2019-11-04,10.0,19.0
2019-11-05,11.0,17.0
2019-11-06,10.0,15.0
2019-11-07,20.0,26.0
2019-11-08,25.0,33.0
2019-11-09,14.0,19.0
2019-11-10,24.0,26.0
2019-11-11,26.0,30.0
2019-11-12,5.0,7.0
2019-11-13,8.0,12.0
2019-11-14,9.0,14.0
2019-11-15,10.0,13.0
2019-11-16,25.0,29.0
2019-11-17,15.0,15.0
2019-11-18,17.0,19.0
2019-11-19,15.0,22.0
2019-11-20,16.0,19.0
2019-11-21,25.0,28.0
2019-11-22,26.0,34.0
2019-11-23,16.0,23.0
2019-11-24,12.0,19.0
2019-11-25,9.0,14.0
2019-11-26,17.0,25.0
2019-11-27,26.0,31.0
2019-11-28,22.0,28.0
2019-11-29,30.0,41.0
2019-11-30,35.0,41.0
2019-12-01,31.0,37.0
2019-12-02,15.0,16.0
2019-12-03,22.0,27.0
2019-12-04,25.0,31.0
2019-12-05,37.0,42.0
2019-12-06,46.0,51.0
2019-12-07,52.0,59.0
2019-12-08,40.0,43.0
2019-12-09,54.0,64.0
2019-12-10,18.0,21.0
2019-12-11,20.0,24.0
2019-12-12,18.0,20.0
2019-12-13,21.0,23.0
2019-12-14,19.0,20.0
2019-12-15,50.0,51.0
2019-12-16,64.0,66.0
2019-12-17,80.0,87.0
2019-12-18,46.0,51.0
2019-12-19,34.0,49.0
2019-12-20,13.0,20.0
2019-12-21,2.0,4.0
2019-12-22,0.0,0.0
2019-12-23,2.0,2.0
2019-12-24,12.0,15.0
2019-12-25,18.0,21.0
2019-12-26,19.0,22.0
2019-12-27,25.0,27.0
2019-12-28,30.0,33.0
2019-12-29,35.0,35.0
2019-12-30,31.0,32.0
2019-12-31,27.0,28.0
2020-01-01,28.0,28.0
2020-01-02,45.0,46.0
2020-01-03,28.0,28.0
2020-01-04,20.0,20.0
2020-01-05,16.0,17.0
2020-01-06,32.0,32.0
2020-01-07,40.0,50.0
2020-01-08,29.0,43.0
2020-01-09,26.0,29.0
2020-01-10,49.0,51.0
2020-01-11,37.0,39.0
2020-01-12,28.0,29.0
2020-01-13,40.0,41.0
2020-01-14,62.0,65.0
2020-01-15,100.0,105.0
2020-01-16,69.0,74.0
2020-01-17,41.0,45.0
2020-01-18,28.0,30.0
2020-01-19,32.0,32.0
2020-01-20,33.0,33.0
2020-01-21,34.0,38.0
2020-01-22,33.0,35.0
2020-01-23,48.0,52.0
2020-01-24,72.0,73.0
2020-01-25,80.0,80.0
2020-01-26,46.0,46.0
2020-01-27,37.0,38.0
2020-01-28,47.0,54.0
2020-01-29,14.0,19.0
2020-01-30,24.0,27.0
2020-01-31,26.0,32.0
2020-02-01,57.0,60.0
2020-02-02,44.0,54.0
2020-02-03,36.0,48.0
2020-02-04,4.0,9.0
2020-02-05,10.0,12.0
2020-02-06,17.0,20.0
2020-02-07,,
2020-02-08,41.0,47.0
2020-02-09,38.0,43.0
2020-02-10,51.0,60.0
2020-02-11,16.0,24.0
2020-02-12,5.0,9.0
2020-02-13,17.0,28.0
2020-02-14,40.0,49.0
2020-02-15,34.0,40.0
2020-02-16,47.0,53.0
2020-02-17,51.0,62.0
2020-02-18,47.0,58.0
2020-02-19,23.0,27.0
2020-02-20,23.0,31.0
2020-02-21,30.0,40.0
2020-02-22,56.0,64.0
2020-02-23,54.0,60.0
2020-02-24,41.0,52.0
2020-02-25,36.0,48.0
2020-02-26,6.0,8.0
2020-02-27,5.0,9.0
2020-02-28,10.0,12.0
2020-02-29,28.0,35.0
2020-03-01,29.0,33.0
2020-03-02,15.0,24.0
2020-03-03,4.0,6.0
2020-03-04,9.0,13.0
2020-03-05,16.0,21.0
2020-03-06,16.0,17.0
2020-03-07,19.0,23.0
2020-03-08,10.0,12.0
2020-03-09,18.0,22.0
2020-03-10,19.0,24.0
2020-03-11,18.0,24.0
2020-03-12,33.0,41.0
2020-03-13,30.0,38.0
2020-03-14,30.0,39.0
2020-03-15,11.0,15.0
2020-03-16,16.0,20.0
2020-03-17,,33.0
2020-03-18,31.0,37.0
2020-03-19,26.0,28.0
2020-03-20,25.0,29.0
2020-03-21,21.0,25.0
2020-03-22,19.0,26.0
2020-03-23,9.0,16.0
2020-03-24,10.0,13.0
2020-03-25,11.0,21.0
2020-03-26,12.0,16.0
2020-03-27,15.0,15.0
2020-03-28,23.0,93.0
2020-03-29,12.0,52.0
2020-03-30,10.0,32.0
2020-03-31,7.0,14.0
2020-04-01,11.0,17.0
2020-04-02,15.0,22.0
2020-04-03,20.0,24.0
2020-04-04,19.0,24.0
2020-04-05,16.0,22.0
2020-04-06,20.0,28.0
2020-04-07,19.0,29.0
2020-04-08,12.0,19.0
2020-04-09,12.0,17.0
2020-04-10,14.0,20.0
2020-04-11,17.0,17.0
2020-04-12,8.0,12.0
2020-04-13,10.0,14.0
2020-04-14,9.0,17.0
2020-04-15,12.0,14.0
2020-04-16,12.0,
2020-04-17,13.0,21.0
2020-04-18,10.0,17.0
2020-04-19,13.0,15.0
2020-04-20,11.0,10.0
2020-04-21,11.0,9.0
2020-04-22,13.0,15.0
2020-04-23,15.0,21.0
2020-04-24,13.0,20.0
2020-04-25,6.0,12.0
2020-04-26,5.0,13.0
2020-04-27,7.0,11.0
2020-04-28,3.0,6.0
2020-04-29,4.0,6.0
2020-04-30,6.0,5.0
2020-05-01,2.0,6.0
2020-05-02,4.0,8.0
2020-05-03,8.0,12.0
2020-05-04,9.0,14.0
2020-05-05,12.0,15.0
2020-05-06,11.0,24.0
2020-05-07,8.0,12.0
2020-05-08,9.0,15.0
2020-05-09,7.0,11.0
2020-05-10,7.0,11.0
2020-05-11,0.0,3.0
2020-05-12,9.0,9.0
2020-05-13,14.0,24.0
2020-05-14,16.0,32.0
2020-05-15,9.0,15.0
2020-05-16,9.0,18.0
2020-05-17,14.0,22.0
2020-05-18,13.0,25.0
2020-05-19,13.0,21.0
2020-05-20,8.0,15.0
2020-05-21,8.0,15.0
2020-05-22,13.0,20.0
2020-05-23,11.0,18.0
2020-05-24,8.0,15.0
2020-05-25,5.0,11.0
2020-05-26,7.0,14.0
2020-05-27,5.0,11.0
2020-05-28,5.0,15.0
2020-05-29,4.0,9.0
2020-05-30,5.0,10.0
2020-05-31,5.0,9.0
2020-06-01,6.0,8.0
2020-06-02,4.0,6.0
2020-06-03,3.0,8.0
2020-06-04,4.0,8.0
2020-06-05,5.0,7.0
2020-06-06,4.0,8.0
2020-06-07,6.0,9.0
2020-06-08,12.0,16.0
2020-06-09,6.0,14.0
2020-06-10,3.0,9.0
2020-06-11,7.0,12.0
2020-06-12,6.0,12.0
2020-06-13,9.0,12.0
2020-06-14,4.0,6.0
2020-06-15,8.0,10.0
2020-06-16,4.0,7.0
2020-06-17,5.0,9.0
2020-06-18,4.0,12.0
2020-06-19,4.0,9.0
2020-06-20,4.0,10.0
2020-06-21,5.0,9.0
2020-06-22,,10.0
2020-06-23,,12.0
2020-06-24,,
2020-06-25,10.0,
2020-06-26,10.0,
2020-06-27,8.0,16.0
2020-06-28,10.0,16.0
2020-06-29,6.0,13.0
2020-06-30,12.0,19.0
2020-07-01,8.0,18.0
2020-07-02,9.0,16.0
2020-07-03,14.0,20.0
2020-07-04,9.0,10.0
2020-07-05,8.0,11.0
2020-07-06,10.0,14.0
2020-07-07,6.0,14.0
2020-07-08,8.0,13.0
2020-07-09,12.0,20.0
2020-07-10,14.0,24.0
2020-07-11,13.0,19.0
2020-07-12,6.0,11.0
2020-07-13,7.0,12.0
2020-07-14,7.0,15.0
2020-07-15,9.0,15.0
2020-07-16,9.0,14.0
2020-07-17,9.0,11.0
2020-07-18,9.0,7.0
2020-07-19,7.0,10.0
2020-07-20,13.0,17.0
2020-07-21,14.0,19.0
2020-07-22,14.0,22.0
2020-07-23,9.0,16.0
2020-07-24,5.0,
2020-07-25,4.0,
2020-07-26,7.0,
2020-07-27,13.0,
2020-07-28,16.0,22.0
2020-07-29,16.0,25.0
2020-07-30,16.0,26.0
2020-07-31,15.0,23.0
2020-08-01,17.0,24.0
2020-08-02,9.0,17.0
2020-08-03,4.0,11.0
2020-08-04,6.0,6.0
2020-08-05,7.0,10.0
2020-08-06,10.0,12.0
2020-08-07,17.0,20.0
2020-08-08,14.0,20.0
2020-08-09,12.0,19.0
2020-08-10,13.0,21.0
2020-08-11,15.0,20.0
2020-08-12,15.0,21.0
2020-08-13,13.0,21.0
2020-08-14,14.0,19.0
2020-08-15,11.0,18.0
2020-08-16,10.0,16.0
2020-08-17,6.0,12.0
2020-08-18,9.0,13.0
2020-08-19,10.0,16.0
2020-08-20,10.0,14.0
2020-08-21,9.0,17.0
2020-08-22,12.0,15.0
2020-08-23,12.0,15.0
2020-08-24,8.0,13.0
2020-08-25,8.0,14.0
2020-08-26,8.0,14.0
2020-08-27,9.0,16.0
2020-08-28,9.0,15.0
2020-08-29,6.0,14.0
2020-08-30,7.0,13.0
2020-08-31,5.0,15.0
2020-09-01,7.0,10.0
2020-09-02,11.0,16.0
2020-09-03,10.0,15.0
2020-09-04,11.0,16.0
2020-09-05,13.0,16.0
2020-09-06,5.0,8.0
2020-09-07,9.0,15.0
2020-09-08,10.0,17.0
2020-09-09,13.0,19.0
2020-09-10,13.0,27.0
2020-09-11,22.0,28.0
2020-09-12,14.0,21.0
2020-09-13,20.0,29.0
2020-09-14,22.0,34.0
2020-09-15,19.0,28.0
2020-09-16,18.0,27.0
2020-09-17,18.0,28.0
2020-09-18,17.0,29.0
2020-09-19,14.0,25.0
2020-09-20,17.0,27.0
2020-09-21,13.0,17.0
2020-09-22,10.0,17.0
2020-09-23,6.0,13.0
2020-09-24,6.0,9.0
2020-09-25,0.0,5.0
2020-09-26,0.0,3.0
2020-09-27,5.0,8.0
2020-09-28,8.0,15.0
2020-09-29,11.0,21.0
2020-09-30,13.0,20.0
2020-10-01,8.0,14.0
2020-10-02,3.0,4.0
2020-10-03,0.0,2.0
2020-10-04,1.0,6.0
2020-10-05,6.0,13.0
2020-10-06,17.0,24.0
2020-10-07,12.0,23.0
2020-10-08,16.0,24.0
2020-10-09,23.0,30.0
2020-10-10,20.0,31.0
2020-10-11,3.0,5.0
2020-10-12,0.0,2.0
2020-10-13,6.0,9.0
2020-10-14,12.0,18.0
2020-10-15,5.0,8.0
2020-10-16,9.0,11.0
2020-10-17,10.0,15.0
2020-10-18,19.0,23.0
2020-10-19,20.0,27.0
2020-10-20,28.0,35.0
2020-10-21,13.0,20.0
2020-10-22,22.0,29.0
2020-10-23,46.0,70.0
2020-10-24,27.0,37.0
2020-10-25,12.0,
2020-10-26,1.0,6.0
2020-10-27,7.0,13.0
2020-10-28,10.0,16.0
2020-10-29,17.0,25.0
2020-10-30,26.0,38.0
2020-10-31,31.0,42.0
2020-11-01,25.0,36.0
2020-11-02,27.0,
2020-11-03,53.0,70.0
2020-11-04,44.0,72.0
2020-11-05,41.0,47.0
2020-11-06,16.0,25.0
2020-11-07,29.0,38.0
2020-11-08,29.0,34.0
2020-11-09,22.0,33.0
2020-11-10,31.0,44.0
2020-11-11,63.0,81.0
2020-11-12,77.0,92.0
2020-11-13,59.0,78.0
2020-11-14,54.0,70.0
2020-11-15,38.0,47.0
2020-11-16,26.0,32.0
2020-11-17,22.0,28.0
2020-11-18,20.0,29.0
2020-11-19,29.0,
2020-11-20,21.0,31.0
2020-11-21,11.0,21.0
2020-11-22,15.0,21.0
2020-11-23,25.0,33.0
2020-11-24,33.0,42.0
2020-11-25,33.0,42.0
2020-11-26,46.0,58.0
2020-11-27,61.0,74.0
2020-11-28,96.0,114.0
2020-11-29,59.0,85.0
2020-11-30,34.0,43.0
2020-12-01,30.0,39.0
2020-12-02,15.0,19.0
2020-12-03,22.0,29.0
2020-12-04,22.0,28.0
2020-12-05,17.0,19.0
2020-12-06,13.0,21.0
2020-12-07,12.0,13.0
2020-12-08,10.0,11.0
2020-12-09,11.0,12.0
2020-12-10,19.0,22.0
2020-12-11,29.0,37.0
2020-12-12,22.0,35.0
2020-12-13,22.0,25.0
2020-12-14,23.0,31.0
2020-12-15,31.0,38.0
2020-12-16,35.0,41.0
2020-12-17,43.0,48.0
2020-12-18,36.0,44.0
2020-12-19,34.0,38.0
2020-12-20,56.0,69.0
2020-12-21,28.0,36.0
2020-12-22,28.0,37.0
2020-12-23,30.0,38.0
2020-12-24,20.0,42.0
2020-12-25,9.0,18.0
2020-12-26,8.0,11.0
2020-12-27,10.0,15.0
2020-12-28,19.0,24.0
2020-12-29,29.0,33.0
2020-12-30,23.0,28.0
2020-12-31,23.0,27.0
2021-01-01,50.0,60.0
2021-01-02,23.0,28.0
2021-01-03,20.0,20.0
2021-01-04,20.0,25.0
2021-01-05,16.0,19.0
2021-01-06,21.0,22.0
2021-01-07,22.0,27.0
2021-01-08,34.0,37.0
2021-01-09,29.0,32.0
2021-01-10,23.0,27.0
2021-01-11,20.0,28.0
2021-01-12,22.0,33.0
2021-01-13,39.0,53.0
2021-01-14,49.0,54.0
2021-01-15,46.0,51.0
2021-01-16,37.0,42.0
2021-01-17,61.0,66.0
2021-01-18,64.0,76.0
2021-01-19,,
2021-01-20,84.0,90.0
2021-01-21,76.0,86.0
2021-01-22,47.0,63.0
2021-01-23,8.0,14.0
2021-01-24,16.0,22.0
2021-01-25,18.0,25.0
2021-01-26,11.0,17.0
2021-01-27,21.0,31.0
2021-01-28,25.0,35.0
2021-01-29,45.0,58.0
2021-01-30,28.0,37.0
2021-01-31,14.0,15.0
2021-02-01,20.0,32.0
2021-02-02,38.0,51.0
2021-02-03,52.0,81.0
2021-02-04,34.0,48.0
2021-02-05,37.0,54.0
2021-02-06,28.0,47.0
2021-02-07,20.0,36.0
2021-02-08,6.0,17.0
2021-02-09,20.0,29.0
2021-02-10,12.0,19.0
2021-02-11,21.0,29.0
2021-02-12,18.0,30.0
2021-02-13,23.0,33.0
2021-02-14,25.0,33.0
2021-02-15,17.0,28.0
2021-02-16,19.0,29.0
2021-02-17,20.0,28.0
2021-02-18,37.0,48.0
2021-02-19,38.0,47.0
2021-02-20,37.0,45.0
2021-02-21,52.0,63.0
2021-02-22,49.0,61.0
2021-02-23,44.0,61.0
2021-02-24,21.0,57.0
2021-02-25,23.0,73.0
2021-02-26,25.0,79.0
2021-02-27,26.0,68.0
2021-02-28,12.0,25.0
2021-03-01,14.0,23.0
2021-03-02,25.0,37.0
2021-03-03,23.0,35.0
2021-03-04,34.0,47.0
2021-03-05,21.0,34.0
2021-03-06,12.0,22.0
2021-03-07,15.0,22.0
2021-03-08,24.0,33.0
2021-03-09,36.0,45.0
2021-03-10,31.0,40.0
2021-03-11,23.0,36.0
2021-03-12,36.0,54.0
2021-03-13,7.0,15.0
2021-03-14,2.0,8.0
2021-03-15,6.0,9.0
2021-03-16,6.0,12.0
2021-03-17,10.0,18.0
2021-03-18,12.0,19.0
2021-03-19,11.0,21.0
2021-03-20,13.0,18.0
2021-03-21,11.0,18.0
2021-03-22,12.0,18.0
2021-03-23,11.0,18.0
2021-03-24,17.0,27.0
2021-03-25,32.0,47.0
2021-03-26,22.0,32.0
2021-03-27,19.0,28.0
2021-03-28,11.0,16.0
2021-03-29,17.0,28.0
2021-03-30,21.0,34.0
2021-03-31,10.0,20.0
2021-04-01,8.0,19.0
2021-04-02,1.0,11.0
2021-04-03,7.0,21.0
2021-04-04,6.0,11.0
2021-04-05,6.0,12.0
2021-04-06,11.0,19.0
2021-04-07,7.0,13.0
2021-04-08,9.0,14.0
2021-04-09,12.0,21.0
2021-04-10,12.0,20.0
2021-04-11,14.0,15.0
2021-04-12,9.0,9.0
2021-04-13,2.0,0.0
2021-04-14,8.0,10.0
2021-04-15,12.0,19.0
2021-04-16,10.0,20.0
2021-04-17,12.0,17.0
2021-04-18,12.0,19.0
2021-04-19,13.0,20.0
2021-04-20,8.0,14.0
2021-04-21,8.0,14.0
2021-04-22,11.0,19.0
2021-04-23,12.0,20.0
2021-04-24,10.0,16.0
2021-04-25,11.0,16.0
2021-04-26,13.0,22.0
2021-04-27,14.0,18.0
2021-04-28,17.0,23.0
2021-04-29,22.0,29.0
2021-04-30,7.0,11.0
2021-05-01,9.0,19.0
2021-05-02,6.0,13.0
2021-05-03,6.0,17.0
2021-05-04,5.0,14.0
2021-05-05,6.0,14.0
2021-05-06,3.0,14.0
2021-05-07,4.0,10.0
2021-05-08,8.0,19.0
2021-05-09,9.0,15.0
2021-05-10,10.0,19.0
2021-05-11,8.0,20.0
2021-05-12,0.0,5.0
2021-05-13,1.0,7.0
2021-05-14,3.0,14.0
2021-05-15,5.0,11.0
2021-05-16,3.0,10.0
2021-05-17,6.0,10.0
2021-05-18,,
2021-05-19,5.0,13.0
2021-05-20,6.0,11.0
2021-05-21,5.0,12.0
2021-05-22,5.0,16.0
2021-05-23,6.0,11.0
2021-05-24,5.0,10.0
2021-05-25,5.0,13.0
2021-05-26,10.0,19.0
2021-05-27,8.0,18.0
2021-05-28,7.0,19.0
2021-05-29,6.0,15.0
2021-05-30,7.0,11.0
2021-05-31,7.0,15.0
2021-06-01,8.0,16.0
2021-06-02,10.0,17.0
2021-06-03,14.0,18.0
2021-06-04,10.0,19.0
2021-06-05,9.0,20.0
2021-06-06,8.0,17.0
2021-06-07,9.0,17.0
2021-06-08,8.0,17.0
2021-06-09,13.0,20.0
2021-06-10,12.0,20.0
2021-06-11,8.0,16.0
2021-06-12,8.0,12.0
2021-06-13,9.0,15.0
2021-06-14,13.0,25.0
2021-06-15,10.0,22.0
2021-06-16,15.0,27.0
2021-06-17,13.0,23.0
2021-06-18,9.0,19.0
2021-06-19,6.0,17.0
2021-06-20,14.0,51.0
2021-06-21,12.0,51.0
2021-06-22,7.0,25.0
2021-06-23,7.0,21.0
2021-06-24,8.0,19.0
2021-06-25,9.0,15.0
2021-06-26,7.0,14.0
2021-06-27,8.0,16.0
2021-06-28,8.0,20.0
2021-06-29,5.0,22.0
2021-06-30,3.0,13.0
2021-07-01,5.0,19.0
2021-07-02,8.0,19.0
2021-07-03,9.0,20.0
2021-07-04,13.0,17.0
2021-07-05,8.0,16.0
2021-07-06,13.0,23.0
2021-07-07,10.0,19.0
2021-07-08,9.0,23.0
2021-07-09,4.0,11.0
2021-07-10,6.0,12.0
2021-07-11,9.0,15.0
2021-07-12,9.0,
2021-07-13,,
2021-07-14,,
2021-07-15,,18.0
2021-07-16,6.0,15.0
2021-07-17,5.0,9.0
2021-07-18,6.0,9.0
2021-07-19,8.0,17.0
2021-07-20,10.0,21.0
2021-07-21,12.0,29.0
2021-07-22,11.0,23.0
2021-07-23,17.0,27.0
2021-07-24,16.0,26.0
2021-07-25,13.0,23.0
2021-07-26,16.0,32.0
2021-07-27,14.0,32.0
2021-07-28,13.0,30.0
2021-07-29,13.0,27.0
2021-07-30,11.0,22.0
2021-07-31,10.0,21.0
2021-08-01,6.0,16.0
2021-08-02,6.0,15.0
2021-08-03,7.0,13.0
2021-08-04,9.0,23.0
2021-08-05,5.0,12.0
2021-08-06,5.0,14.0
2021-08-07,4.0,12.0
2021-08-08,7.0,13.0
2021-08-09,12.0,18.0
2021-08-10,9.0,20.0
2021-08-11,13.0,25.0
2021-08-12,14.0,23.0
2021-08-13,13.0,24.0
2021-08-14,13.0,22.0
2021-08-15,12.0,30.0
2021-08-16,12.0,42.0
2021-08-17,5.0,16.0
2021-08-18,4.0,15.0
2021-08-19,6.0,14.0
2021-08-20,10.0,18.0
2021-08-21,8.0,17.0
2021-08-22,9.0,16.0
2021-08-23,13.0,21.0
2021-08-24,4.0,12.0
2021-08-25,3.0,13.0
2021-08-26,5.0,12.0
2021-08-27,8.0,16.0
2021-08-28,3.0,8.0
2021-08-29,3.0,8.0
2021-08-30,5.0,13.0
2021-08-31,7.0,15.0
2021-09-01,7.0,13.0
2021-09-02,7.0,16.0
2021-09-03,8.0,19.0
2021-09-04,7.0,15.0
2021-09-05,8.0,13.0
2021-09-06,9.0,19.0
2021-09-07,10.0,22.0
2021-09-08,13.0,25.0
2021-09-09,12.0,25.0
2021-09-10,14.0,26.0
2021-09-11,16.0,28.0
2021-09-12,16.0,24.0
2021-09-13,14.0,24.0
2021-09-14,13.0,26.0
2021-09-15,10.0,26.0
2021-09-16,8.0,27.0
2021-09-17,11.0,27.0
2021-09-18,7.0,18.0
2021-09-19,2.0,10.0
2021-09-20,5.0,12.0
2021-09-21,11.0,19.0
2021-09-22,11.0,18.0
2021-09-23,9.0,17.0
2021-09-24,10.0,21.0
2021-09-25,13.0,19.0
2021-09-26,12.0,21.0
2021-09-27,16.0,26.0
2021-09-28,22.0,33.0
2021-09-29,22.0,35.0
2021-09-30,14.0,30.0
2021-10-01,8.0,20.0
2021-10-02,9.0,18.0
2021-10-03,8.0,16.0
2021-10-04,8.0,20.0
2021-10-05,2.0,9.0
2021-10-06,2.0,10.0
2021-10-07,7.0,13.0
2021-10-08,9.0,22.0
2021-10-09,10.0,27.0
2021-10-10,12.0,24.0
2021-10-11,8.0,19.0
2021-10-12,9.0,21.0
2021-10-13,16.0,28.0
2021-10-14,7.0,16.0
2021-10-15,10.0,19.0
2021-10-16,18.0,27.0
2021-10-17,13.0,19.0
2021-10-18,17.0,28.0
2021-10-19,22.0,31.0
2021-10-20,12.0,20.0
2021-10-21,24.0,36.0
2021-10-22,45.0,62.0
2021-10-23,32.0,39.0
2021-10-24,11.0,21.0
2021-10-25,16.0,27.0
2021-10-26,22.0,35.0
2021-10-27,19.0,32.0
2021-10-28,19.0,32.0
2021-10-29,36.0,53.0
2021-10-30,56.0,74.0
2021-10-31,70.0,91.0
2021-11-01,24.0,45.0
2021-11-02,13.0,19.0
2021-11-03,18.0,31.0
2021-11-04,7.0,14.0
2021-11-05,16.0,21.0
2021-11-06,20.0,27.0
2021-11-07,21.0,31.0
2021-11-08,20.0,28.0
2021-11-09,15.0,23.0
2021-11-10,17.0,29.0
2021-11-11,24.0,37.0
2021-11-12,19.0,35.0
2021-11-13,27.0,44.0
2021-11-14,16.0,25.0
2021-11-15,18.0,25.0
2021-11-16,25.0,35.0
2021-11-17,31.0,42.0
2021-11-18,30.0,50.0
2021-11-19,24.0,38.0
2021-11-20,16.0,29.0
2021-11-21,13.0,27.0
2021-11-22,5.0,14.0
2021-11-23,10.0,22.0
2021-11-24,15.0,24.0
2021-11-25,18.0,23.0
2021-11-26,6.0,13.0
2021-11-27,4.0,11.0
2021-11-28,4.0,12.0
2021-11-29,12.0,21.0
2021-11-30,17.0,25.0
2021-12-01,29.0,43.0
2021-12-02,31.0,39.0
2021-12-03,16.0,22.0
2021-12-04,22.0,31.0
2021-12-05,32.0,39.0
2021-12-06,16.0,23.0
2021-12-07,17.0,27.0
2021-12-08,23.0,29.0
2021-12-09,14.0,18.0
2021-12-10,22.0,28.0
2021-12-11,11.0,15.0
2021-12-12,12.0,15.0
2021-12-13,24.0,36.0
2021-12-14,29.0,42.0
2021-12-15,43.0,56.0
2021-12-16,50.0,64.0
2021-12-17,33.0,44.0
2021-12-18,37.0,62.0
2021-12-19,20.0,27.0
2021-12-20,30.0,39.0
2021-12-21,43.0,53.0
2021-12-22,37.0,47.0
2021-12-23,32.0,39.0
2021-12-24,38.0,47.0
2021-12-25,47.0,61.0
2021-12-26,21.0,33.0
2021-12-27,35.0,51.0
2021-12-28,19.0,23.0
2021-12-29,20.0,30.0
2021-12-30,23.0,41.0
2021-12-31,25.0,34.0
2022-01-01,25.0,32.0
2022-01-02,20.0,27.0
2022-01-03,23.0,30.0
2022-01-04,14.0,28.0
2022-01-05,6.0,12.0
2022-01-06,7.0,10.0
2022-01-07,16.0,22.0
2022-01-08,20.0,27.0
2022-01-09,30.0,35.0
2022-01-10,14.0,19.0
2022-01-11,19.0,27.0
2022-01-12,22.0,32.0
2022-01-13,27.0,39.0
2022-01-14,17.0,25.0
2022-01-15,18.0,26.0
2022-01-16,30.0,37.0
2022-01-17,12.0,21.0
2022-01-18,46.0,60.0
2022-01-19,46.0,58.0
2022-01-20,42.0,54.0
2022-01-21,34.0,45.0
2022-01-22,33.0,41.0
2022-01-23,55.0,64.0
2022-01-24,52.0,64.0
2022-01-25,42.0,50.0
2022-01-26,36.0,44.0
2022-01-27,34.0,52.0
2022-01-28,25.0,43.0
2022-01-29,24.0,33.0
2022-01-30,29.0,39.0
2022-01-31,38.0,55.0
2022-02-01,2.0,8.0
2022-02-02,8.0,16.0
2022-02-03,31.0,44.0
2022-02-04,41.0,57.0
2022-02-05,58.0,75.0
2022-02-06,39.0,50.0
2022-02-07,27.0,37.0
2022-02-08,16.0,
2022-02-09,23.0,37.0
2022-02-10,26.0,38.0
2022-02-11,24.0,40.0
2022-02-12,21.0,34.0
2022-02-13,19.0,23.0
2022-02-14,30.0,40.0
2022-02-15,27.0,32.0
2022-02-16,18.0,25.0
2022-02-17,20.0,31.0
2022-02-18,52.0,66.0
2022-02-19,55.0,68.0
2022-02-20,56.0,69.0
2022-02-21,13.0,17.0
2022-02-22,6.0,8.0
2022-02-23,20.0,31.0
2022-02-24,31.0,43.0
2022-02-25,19.0,32.0
2022-02-26,9.0,14.0
2022-02-27,14.0,20.0
2022-02-28,19.0,26.0
2022-03-01,15.0,23.0
2022-03-02,20.0,28.0
2022-03-03,26.0,39.0
2022-03-04,28.0,40.0
2022-03-05,18.0,26.0
2022-03-06,17.0,25.0
2022-03-07,23.0,33.0
2022-03-08,22.0,30.0
2022-03-09,22.0,32.0
2022-03-10,26.0,39.0
2022-03-11,,
2022-03-12,30.0,40.0
2022-03-13,27.0,31.0
2022-03-14,27.0,37.0
2022-03-15,,45.0
2022-03-16,,41.0
2022-03-17,57.0,67.0
2022-03-18,31.0,38.0
2022-03-19,24.0,30.0
2022-03-20,29.0,36.0
2022-03-21,23.0,33.0
2022-03-22,24.0,35.0
2022-03-23,21.0,32.0
2022-03-24,17.0,28.0
2022-03-25,18.0,28.0
2022-03-26,23.0,35.0
2022-03-27,31.0,42.0
2022-03-28,25.0,36.0
2022-03-29,30.0,44.0
2022-03-30,31.0,52.0
2022-03-31,5.0,12.0
2022-04-01,4.0,7.0
2022-04-02,5.0,7.0
2022-04-03,14.0,18.0
2022-04-04,17.0,26.0
2022-04-05,19.0,27.0
2022-04-06,19.0,27.0
2022-04-07,5.0,12.0
2022-04-08,1.0,6.0
2022-04-09,5.0,12.0
2022-04-10,7.0,9.0
2022-04-11,10.0,18.0
2022-04-12,13.0,23.0
2022-04-13,14.0,24.0
2022-04-14,9.0,21.0
2022-04-15,9.0,18.0
2022-04-16,10.0,15.0
2022-04-17,6.0,16.0
2022-04-18,6.0,12.0
2022-04-19,10.0,18.0
2022-04-20,10.0,25.0
2022-04-21,9.0,14.0
2022-04-22,5.0,4.0
2022-04-23,2.0,5.0
2022-04-24,6.0,4.0
2022-04-25,6.0,11.0
2022-04-26,7.0,16.0
2022-04-27,13.0,22.0
2022-04-28,10.0,17.0
2022-04-29,9.0,17.0
2022-04-30,9.0,15.0
2022-05-01,6.0,12.0
2022-05-02,7.0,13.0
2022-05-03,7.0,13.0
2022-05-04,9.0,14.0
2022-05-05,11.0,18.0
2022-05-06,11.0,15.0
2022-05-07,12.0,17.0
2022-05-08,11.0,16.0
2022-05-09,14.0,25.0
2022-05-10,14.0,27.0
2022-05-11,12.0,24.0
2022-05-12,6.0,19.0
2022-05-13,7.0,18.0
2022-05-14,7.0,18.0
2022-05-15,11.0,20.0
2022-05-16,9.0,20.0
2022-05-17,,
2022-05-18,,
2022-05-19,11.0,22.0
2022-05-20,12.0,23.0
2022-05-21,9.0,21.0
2022-05-22,10.0,21.0
2022-05-23,5.0,19.0
2022-05-24,8.0,24.0
2022-05-25,10.0,26.0
2022-05-26,20.0,39.0
2022-05-27,18.0,35.0
2022-05-28,13.0,35.0
2022-05-29,5.0,13.0
2022-05-30,10.0,19.0
2022-05-31,9.0,30.0
2022-06-01,18.0,29.0
2022-06-02,14.0,22.0
2022-06-03,18.0,35.0
2022-06-04,21.0,38.0
2022-06-05,19.0,41.0
2022-06-06,10.0,33.0
2022-06-07,8.0,21.0
2022-06-08,5.0,15.0
2022-06-09,3.0,13.0
2022-06-10,5.0,10.0
2022-06-11,6.0,12.0
2022-06-12,9.0,14.0
2022-06-13,9.0,17.0
2022-06-14,12.0,22.0
2022-06-15,15.0,24.0
2022-06-16,16.0,26.0
2022-06-17,22.0,28.0
2022-06-18,12.0,23.0
2022-06-19,8.0,21.0
2022-06-20,7.0,21.0
2022-06-21,9.0,25.0
2022-06-22,11.0,31.0
2022-06-23,14.0,49.0
2022-06-24,7.0,24.0
2022-06-25,5.0,15.0
2022-06-26,9.0,20.0
2022-06-27,14.0,43.0
2022-06-28,14.0,37.0
2022-06-29,5.0,19.0
2022-06-30,8.0,18.0
2022-07-01,7.0,16.0
2022-07-02,11.0,21.0
2022-07-03,13.0,22.0
2022-07-04,12.0,25.0
2022-07-05,,15.0
2022-07-06,,20.0
2022-07-07,,22.0
2022-07-08,7.0,13.0
2022-07-09,4.0,12.0
2022-07-10,6.0,12.0
2022-07-11,8.0,18.0
2022-07-12,12.0,
2022-07-13,9.0,
2022-07-14,8.0,
2022-07-15,10.0,20.0
2022-07-16,13.0,24.0
2022-07-17,13.0,17.0
2022-07-18,14.0,25.0
2022-07-19,10.0,21.0
2022-07-20,9.0,22.0
2022-07-21,18.0,30.0
2022-07-22,13.0,26.0
2022-07-23,12.0,25.0
2022-07-24,14.0,23.0
2022-07-25,15.0,29.0
2022-07-26,15.0,25.0
2022-07-27,6.0,15.0
2022-07-28,9.0,16.0
2022-07-29,11.0,20.0
2022-07-30,7.0,13.0
2022-07-31,7.0,11.0
2022-08-01,9.0,15.0
2022-08-02,6.0,16.0
2022-08-03,10.0,14.0
2022-08-04,7.0,16.0
2022-08-05,10.0,18.0
2022-08-06,10.0,18.0
2022-08-07,9.0,14.0
2022-08-08,8.0,14.0
2022-08-09,10.0,19.0
2022-08-10,8.0,18.0
2022-08-11,7.0,16.0
2022-08-12,4.0,13.0
2022-08-13,2.0,7.0
2022-08-14,3.0,7.0
2022-08-15,7.0,12.0
2022-08-16,8.0,18.0
2022-08-17,11.0,21.0
2022-08-18,6.0,12.0
2022-08-19,4.0,8.0
2022-08-20,2.0,7.0
2022-08-21,4.0,8.0
2022-08-22,5.0,10.0
2022-08-23,5.0,13.0
2022-08-24,5.0,11.0
2022-08-25,7.0,14.0
2022-08-26,10.0,18.0
2022-08-27,12.0,17.0
2022-08-28,10.0,14.0
2022-08-29,8.0,15.0
2022-08-30,8.0,16.0
2022-08-31,12.0,20.0
2022-09-01,7.0,15.0
2022-09-02,8.0,14.0
2022-09-03,10.0,19.0
2022-09-04,13.0,18.0
2022-09-05,11.0,15.0
2022-09-06,8.0,20.0
2022-09-07,9.0,22.0
2022-09-08,5.0,18.0
2022-09-09,9.0,18.0
2022-09-10,7.0,18.0
2022-09-11,8.0,17.0
2022-09-12,9.0,18.0
2022-09-13,9.0,21.0
2022-09-14,5.0,15.0
2022-09-15,5.0,20.0
2022-09-16,4.0,11.0
2022-09-17,6.0,11.0
2022-09-18,4.0,9.0
2022-09-19,7.0,18.0
2022-09-20,10.0,23.0
2022-09-21,7.0,16.0
2022-09-22,7.0,12.0
2022-09-23,7.0,14.0
2022-09-24,15.0,23.0
2022-09-25,14.0,18.0
2022-09-26,7.0,11.0
2022-09-27,1.0,8.0
2022-09-28,5.0,19.0
2022-09-29,6.0,17.0
2022-09-30,12.0,18.0
2022-10-01,8.0,12.0
2022-10-02,10.0,17.0
2022-10-03,9.0,22.0
2022-10-04,16.0,29.0
2022-10-05,17.0,28.0
2022-10-06,17.0,30.0
2022-10-07,18.0,31.0
2022-10-08,16.0,27.0
2022-10-09,21.0,33.0
2022-10-10,16.0,32.0
2022-10-11,20.0,36.0
2022-10-12,19.0,35.0
2022-10-13,17.0,
2022-10-14,16.0,
2022-10-15,16.0,31.0
2022-10-16,16.0,28.0
2022-10-17,23.0,37.0
2022-10-18,26.0,42.0
2022-10-19,25.0,43.0
2022-10-20,42.0,60.0
2022-10-21,58.0,89.0
2022-10-22,15.0,34.0
2022-10-23,34.0,57.0
2022-10-24,20.0,50.0
2022-10-25,18.0,50.0
2022-10-26,15.0,40.0
2022-10-27,24.0,56.0
2022-10-28,29.0,57.0
2022-10-29,12.0,26.0
2022-10-30,10.0,22.0
2022-10-31,15.0,29.0
2022-11-01,11.0,22.0
2022-11-02,23.0,37.0
2022-11-03,31.0,51.0
2022-11-04,5.0,14.0
2022-11-05,7.0,12.0
2022-11-06,10.0,17.0
2022-11-07,22.0,33.0
2022-11-08,35.0,45.0
2022-11-09,65.0,81.0
2022-11-10,47.0,56.0
2022-11-11,43.0,51.0
2022-11-12,19.0,24.0
2022-11-13,27.0,32.0
2022-11-14,21.0,29.0
2022-11-15,23.0,32.0
2022-11-16,10.0,18.0
2022-11-17,18.0,30.0
2022-11-18,16.0,26.0
2022-11-19,23.0,34.0
2022-11-20,23.0,29.0
2022-11-21,23.0,33.0
2022-11-22,9.0,14.0
2022-11-23,9.0,17.0
2022-11-24,15.0,25.0
2022-11-25,41.0,55.0
2022-11-26,47.0,56.0
2022-11-27,24.0,31.0
2022-11-28,37.0,46.0
2022-11-29,35.0,41.0
2022-11-30,21.0,27.0
2022-12-01,25.0,31.0
2022-12-02,29.0,37.0
2022-12-03,17.0,22.0
2022-12-04,9.0,12.0
2022-12-05,14.0,20.0
2022-12-06,15.0,20.0
2022-12-07,26.0,38.0
2022-12-08,39.0,53.0
2022-12-09,18.0,23.0
2022-12-10,16.0,20.0
2022-12-11,19.0,25.0
2022-12-12,25.0,32.0
2022-12-13,21.0,31.0
2022-12-14,25.0,35.0
2022-12-15,32.0,41.0
2022-12-16,22.0,26.0
2022-12-17,28.0,33.0
2022-12-18,37.0,43.0
2022-12-19,31.0,41.0
2022-12-20,45.0,54.0
2022-12-21,46.0,54.0
2022-12-22,28.0,38.0
2022-12-23,26.0,35.0
2022-12-24,36.0,50.0
2022-12-25,43.0,62.0
2022-12-26,36.0,41.0
2022-12-27,35.0,43.0
2022-12-28,35.0,51.0
2022-12-29,30.0,44.0
2022-12-30,23.0,32.0
2022-12-31,29.0,37.0
