DATA_INIZIO,2000003_5,2000003_111
2010-01-01,59.0,48.0
2010-01-02,15.0,12.0
2010-01-03,23.0,17.0
2010-01-04,40.0,37.0
2010-01-05,34.0,31.0
2010-01-06,31.0,25.0
2010-01-07,69.0,56.0
2010-01-08,26.0,19.0
2010-01-09,19.0,12.0
2010-01-10,27.0,18.0
2010-01-11,36.0,24.0
2010-01-12,55.0,43.0
2010-01-13,57.0,52.0
2010-01-14,60.0,50.0
2010-01-15,76.0,60.0
2010-01-16,61.0,48.0
2010-01-17,78.0,64.0
2010-01-18,63.0,56.0
2010-01-19,39.0,30.0
2010-01-20,45.0,34.0
2010-01-21,54.0,42.0
2010-01-22,45.0,32.0
2010-01-23,62.0,51.0
2010-01-24,75.0,60.0
2010-01-25,83.0,66.0
2010-01-26,81.0,63.0
2010-01-27,46.0,35.0
2010-01-28,53.0,43.0
2010-01-29,93.0,74.0
2010-01-30,92.0,80.0
2010-01-31,27.0,21.0
2010-02-01,25.0,20.0
2010-02-02,30.0,25.0
2010-02-03,33.0,25.0
2010-02-04,72.0,52.0
2010-02-05,75.0,63.0
2010-02-06,25.0,14.0
2010-02-07,52.0,36.0
2010-02-08,52.0,37.0
2010-02-09,74.0,53.0
2010-02-10,49.0,36.0
2010-02-11,21.0,16.0
2010-02-12,39.0,34.0
2010-02-13,39.0,32.0
2010-02-14,76.0,68.0
2010-02-15,114.0,88.0
2010-02-16,87.0,68.0
2010-02-17,74.0,56.0
2010-02-18,36.0,23.0
2010-02-19,23.0,14.0
2010-02-20,18.0,14.0
2010-02-21,24.0,18.0
2010-02-22,34.0,26.0
2010-02-23,32.0,21.0
2010-02-24,50.0,34.0
2010-02-25,49.0,29.0
2010-02-26,38.0,26.0
2010-02-27,14.0,9.0
2010-02-28,45.0,33.0
2010-03-01,32.0,20.0
2010-03-02,45.0,28.0
2010-03-03,43.0,27.0
2010-03-04,15.0,9.0
2010-03-05,13.0,14.0
2010-03-06,17.0,14.0
2010-03-07,26.0,25.0
2010-03-08,27.0,26.0
2010-03-09,29.0,24.0
2010-03-10,20.0,18.0
2010-03-11,30.0,27.0
2010-03-12,46.0,37.0
2010-03-13,65.0,52.0
2010-03-14,61.0,46.0
2010-03-15,47.0,32.0
2010-03-16,21.0,9.0
2010-03-17,43.0,22.0
2010-03-18,26.0,11.0
2010-03-19,36.0,18.0
2010-03-20,47.0,24.0
2010-03-21,66.0,46.0
2010-03-22,53.0,36.0
2010-03-23,52.0,28.0
2010-03-24,39.0,24.0
2010-03-25,31.8,19.1
2010-03-26,31.8,19.1
2010-03-27,15.0,8.0
2010-03-28,9.0,7.0
2010-03-29,18.0,8.0
2010-03-30,17.0,7.0
2010-03-31,22.0,12.0
2010-04-01,19.0,11.0
2010-04-02,18.0,12.0
2010-04-03,31.0,19.0
2010-04-04,30.0,18.0
2010-04-05,7.0,5.0
2010-04-06,18.0,9.0
2010-04-07,34.0,20.0
2010-04-08,38.0,21.0
2010-04-09,39.0,22.0
2010-04-10,32.0,17.0
2010-04-11,13.0,6.0
2010-04-12,15.0,6.0
2010-04-13,22.0,11.0
2010-04-14,19.0,10.0
2010-04-15,32.0,17.0
2010-04-16,36.0,19.0
2010-04-17,25.0,17.0
2010-04-18,19.0,10.0
2010-04-19,22.0,11.0
2010-04-20,34.0,16.0
2010-04-21,27.0,13.0
2010-04-22,40.0,20.0
2010-04-23,42.0,23.0
2010-04-24,15.0,5.0
2010-04-25,28.0,17.0
2010-04-26,38.0,26.0
2010-04-27,30.0,18.0
2010-04-28,33.0,19.0
2010-04-29,21.0,12.0
2010-04-30,20.0,11.0
2010-05-01,22.0,13.0
2010-05-02,22.0,11.0
2010-05-03,18.0,7.0
2010-05-04,18.0,6.0
2010-05-05,12.0,0.0
2010-05-06,6.0,3.0
2010-05-07,8.0,3.0
2010-05-08,11.0,9.0
2010-05-09,18.0,12.0
2010-05-10,35.0,18.0
2010-05-11,24.0,9.0
2010-05-12,16.0,4.0
2010-05-13,12.0,4.0
2010-05-14,10.0,4.0
2010-05-15,18.0,8.0
2010-05-16,8.0,4.0
2010-05-17,19.0,12.0
2010-05-18,33.0,14.0
2010-05-19,41.0,19.0
2010-05-20,31.0,18.0
2010-05-21,19.0,10.0
2010-05-22,22.0,9.0
2010-05-23,19.0,7.0
2010-05-24,31.8,19.1
2010-05-25,31.0,11.0
2010-05-26,18.0,7.0
2010-05-27,20.0,7.0
2010-05-28,27.0,14.0
2010-05-29,36.0,15.0
2010-05-30,28.0,8.0
2010-05-31,18.0,5.0
2010-06-01,15.0,4.0
2010-06-02,16.0,6.0
2010-06-03,16.0,10.0
2010-06-04,20.0,9.0
2010-06-05,23.0,13.0
2010-06-06,27.0,14.0
2010-06-07,26.0,11.0
2010-06-08,22.0,7.0
2010-06-09,30.0,11.0
2010-06-10,35.0,15.2
2010-06-11,40.0,16.0
2010-06-12,47.0,16.0
2010-06-13,31.0,11.0
2010-06-14,22.0,8.0
2010-06-15,22.0,10.0
2010-06-16,13.0,5.0
2010-06-17,14.0,3.0
2010-06-18,12.0,4.0
2010-06-19,14.0,7.0
2010-06-20,0.0,1.0
2010-06-21,6.0,3.0
2010-06-22,15.0,9.0
2010-06-23,20.0,12.0
2010-06-24,25.0,15.0
2010-06-25,23.0,16.0
2010-06-26,29.0,17.0
2010-06-27,29.0,18.0
2010-06-28,34.0,19.0
2010-06-29,36.0,20.0
2010-06-30,30.0,16.0
2010-07-01,35.0,16.0
2010-07-02,37.0,20.0
2010-07-03,34.0,19.0
2010-07-04,30.0,15.0
2010-07-05,35.0,19.0
2010-07-06,31.0,15.0
2010-07-07,22.0,10.0
2010-07-08,29.0,13.0
2010-07-09,39.0,19.0
2010-07-10,35.0,18.0
2010-07-11,31.0,16.0
2010-07-12,31.0,16.0
2010-07-13,27.0,14.0
2010-07-14,26.0,12.0
2010-07-15,31.0,14.0
2010-07-16,39.0,17.0
2010-07-17,34.0,17.0
2010-07-18,21.0,12.0
2010-07-19,19.0,8.0
2010-07-20,25.0,13.0
2010-07-21,32.0,15.0
2010-07-22,30.0,13.0
2010-07-23,39.0,17.0
2010-07-24,17.0,6.0
2010-07-25,16.0,8.0
2010-07-26,17.0,8.0
2010-07-27,22.0,12.0
2010-07-28,22.0,9.0
2010-07-29,23.0,7.0
2010-07-30,17.0,7.0
2010-07-31,12.0,5.0
2010-08-01,18.0,8.0
2010-08-02,23.0,11.0
2010-08-03,24.0,12.0
2010-08-04,17.0,5.0
2010-08-05,9.0,2.0
2010-08-06,8.0,4.0
2010-08-07,11.0,6.0
2010-08-08,13.0,9.0
2010-08-09,25.0,14.0
2010-08-10,30.0,14.0
2010-08-11,29.0,15.0
2010-08-12,28.0,14.0
2010-08-13,13.0,7.0
2010-08-14,27.0,13.0
2010-08-15,13.0,5.0
2010-08-16,13.0,6.0
2010-08-17,16.0,6.0
2010-08-18,19.0,9.0
2010-08-19,24.0,13.0
2010-08-20,28.0,12.0
2010-08-21,29.0,19.0
2010-08-22,26.0,17.0
2010-08-23,22.0,8.0
2010-08-24,24.0,10.0
2010-08-25,31.0,13.0
2010-08-26,31.0,13.0
2010-08-27,27.0,11.0
2010-08-28,25.0,9.0
2010-08-29,9.0,3.0
2010-08-30,24.0,10.0
2010-08-31,21.0,11.0
2010-09-01,19.0,10.0
2010-09-02,28.0,13.0
2010-09-03,27.0,11.0
2010-09-04,31.0,13.0
2010-09-05,28.0,13.0
2010-09-06,27.0,11.0
2010-09-07,30.0,12.0
2010-09-08,18.0,6.0
2010-09-09,19.0,7.0
2010-09-10,16.0,7.0
2010-09-11,17.0,10.0
2010-09-12,19.0,13.0
2010-09-13,24.0,13.0
2010-09-14,21.0,10.0
2010-09-15,16.0,7.0
2010-09-16,22.0,8.0
2010-09-17,19.0,7.0
2010-09-18,17.0,6.0
2010-09-19,8.0,5.0
2010-09-20,16.0,9.0
2010-09-21,33.0,21.0
2010-09-22,38.0,23.0
2010-09-23,26.0,13.0
2010-09-24,34.0,18.0
2010-09-25,2.0,0.0
2010-09-26,6.0,2.0
2010-09-27,12.0,4.0
2010-09-28,15.0,9.0
2010-09-29,25.0,14.0
2010-09-30,31.0,18.0
2010-10-01,45.0,31.0
2010-10-02,46.0,28.0
2010-10-03,50.0,29.0
2010-10-04,55.0,26.0
2010-10-05,16.0,4.0
2010-10-06,24.0,8.0
2010-10-07,29.0,13.0
2010-10-08,28.0,17.0
2010-10-09,31.0,20.0
2010-10-10,29.0,19.0
2010-10-11,40.0,24.0
2010-10-12,44.0,26.0
2010-10-13,57.0,37.0
2010-10-14,62.0,43.0
2010-10-15,60.0,41.0
2010-10-16,61.0,43.0
2010-10-17,14.0,8.0
2010-10-18,22.0,12.0
2010-10-19,25.0,14.0
2010-10-20,26.0,16.0
2010-10-21,48.0,33.0
2010-10-22,65.0,42.0
2010-10-23,75.0,56.0
2010-10-24,105.0,74.0
2010-10-25,30.0,14.0
2010-10-26,10.0,4.0
2010-10-27,25.0,14.0
2010-10-28,43.0,30.0
2010-10-29,40.0,27.0
2010-10-30,53.0,37.0
2010-10-31,35.0,20.0
2010-11-01,21.0,5.0
2010-11-02,20.0,5.0
2010-11-03,36.0,19.0
2010-11-04,48.0,26.0
2010-11-05,48.0,31.0
2010-11-06,44.0,27.0
2010-11-07,38.0,15.0
2010-11-08,8.0,0.0
2010-11-09,12.0,6.0
2010-11-10,26.0,16.0
2010-11-11,31.8,19.1
2010-11-12,52.0,32.0
2010-11-13,67.0,46.0
2010-11-14,81.0,52.0
2010-11-15,35.0,12.0
2010-11-16,23.0,8.0
2010-11-17,24.0,12.0
2010-11-18,30.0,16.0
2010-11-19,30.0,21.0
2010-11-20,48.0,30.0
2010-11-21,21.0,11.0
2010-11-22,21.0,12.0
2010-11-23,32.0,17.0
2010-11-24,35.0,25.0
2010-11-25,36.0,29.0
2010-11-26,14.0,14.0
2010-11-27,21.0,19.0
2010-11-28,20.0,18.0
2010-11-29,20.0,15.0
2010-11-30,41.0,30.0
2010-12-01,17.0,17.0
2010-12-02,30.0,18.0
2010-12-03,24.0,18.0
2010-12-04,27.0,23.0
2010-12-05,32.0,24.0
2010-12-06,48.0,40.0
2010-12-07,24.0,13.0
2010-12-08,28.0,15.0
2010-12-09,23.0,13.0
2010-12-10,25.0,15.0
2010-12-11,35.0,25.0
2010-12-12,53.0,44.0
2010-12-13,41.0,30.0
2010-12-14,48.0,32.0
2010-12-15,48.0,39.0
2010-12-16,64.0,52.0
2010-12-17,55.0,46.0
2010-12-18,48.0,44.0
2010-12-19,63.0,50.0
2010-12-20,61.0,41.0
2010-12-21,73.0,57.0
2010-12-22,48.0,29.0
2010-12-23,19.0,8.0
2010-12-24,18.0,8.0
2010-12-25,18.0,7.0
2010-12-26,17.0,13.0
2010-12-27,41.0,35.0
2010-12-28,40.0,36.0
2010-12-29,63.0,55.0
2010-12-30,73.0,57.0
2010-12-31,84.0,69.0
2011-01-01,131.0,104.0
2011-01-02,87.0,75.0
2011-01-03,55.0,45.0
2011-01-04,48.0,33.0
2011-01-05,70.0,53.0
2011-01-06,62.0,50.0
2011-01-07,52.0,41.0
2011-01-08,60.0,46.0
2011-01-09,65.0,47.0
2011-01-10,32.0,19.0
2011-01-11,25.0,17.0
2011-01-12,30.0,20.0
2011-01-13,37.0,24.0
2011-01-14,37.0,22.0
2011-01-15,36.0,20.0
2011-01-16,24.0,14.0
2011-01-17,25.0,16.0
2011-01-18,34.0,25.0
2011-01-19,32.0,23.0
2011-01-20,17.0,10.0
2011-01-21,25.0,16.0
2011-01-22,33.0,21.0
2011-01-23,22.0,15.0
2011-01-24,38.0,28.0
2011-01-25,69.0,55.0
2011-01-26,97.0,74.0
2011-01-27,112.0,88.0
2011-01-28,55.0,39.0
2011-01-29,39.0,28.0
2011-01-30,49.0,42.0
2011-01-31,48.0,41.0
2011-02-01,41.0,30.0
2011-02-02,31.0,28.0
2011-02-03,49.0,38.0
2011-02-04,52.0,30.0
2011-02-05,48.0,26.0
2011-02-06,50.0,27.0
2011-02-07,59.0,38.0
2011-02-08,65.0,40.0
2011-02-09,74.0,49.0
2011-02-10,69.0,46.0
2011-02-11,42.0,25.0
2011-02-12,53.0,35.0
2011-02-13,124.0,98.0
2011-02-14,138.0,103.0
2011-02-15,106.0,81.0
2011-02-16,30.0,17.0
2011-02-17,20.0,12.0
2011-02-18,22.0,14.0
2011-02-19,28.0,19.0
2011-02-20,44.0,34.0
2011-02-21,36.0,28.0
2011-02-22,43.0,34.0
2011-02-23,48.0,37.0
2011-02-24,46.0,36.0
2011-02-25,39.0,35.0
2011-02-26,43.0,39.0
2011-02-27,32.0,30.0
2011-02-28,40.0,26.0
2011-03-01,45.0,22.0
2011-03-02,45.0,21.0
2011-03-03,45.0,26.0
2011-03-04,44.0,31.0
2011-03-05,67.0,48.0
2011-03-06,43.0,30.0
2011-03-07,26.0,14.0
2011-03-08,37.0,22.0
2011-03-09,64.0,44.0
2011-03-10,53.0,34.0
2011-03-11,28.0,18.0
2011-03-12,45.0,29.0
2011-03-13,47.0,31.0
2011-03-14,19.0,9.0
2011-03-15,35.0,18.0
2011-03-16,11.0,2.0
2011-03-17,23.0,11.0
2011-03-18,34.0,17.0
2011-03-19,40.0,24.0
2011-03-20,19.0,14.0
2011-03-21,25.0,18.0
2011-03-22,41.0,28.0
2011-03-23,36.0,25.0
2011-03-24,42.0,26.0
2011-03-25,22.0,10.0
2011-03-26,20.0,10.0
2011-03-27,19.0,7.0
2011-03-28,26.0,14.0
2011-03-29,30.0,15.0
2011-03-30,26.0,14.0
2011-03-31,25.0,13.0
2011-04-01,31.0,16.0
2011-04-02,45.0,23.0
2011-04-03,44.0,23.0
2011-04-04,31.8,19.1
2011-04-05,13.0,10.0
2011-04-06,27.0,15.0
2011-04-07,35.0,18.0
2011-04-08,29.0,11.0
2011-04-09,23.0,5.0
2011-04-10,35.0,11.0
2011-04-11,39.0,13.0
2011-04-12,41.0,13.0
2011-04-13,18.0,5.0
2011-04-14,19.0,7.0
2011-04-15,18.0,9.0
2011-04-16,26.0,17.0
2011-04-17,26.0,17.0
2011-04-18,30.0,19.0
2011-04-19,37.0,23.0
2011-04-20,32.0,20.0
2011-04-21,29.0,17.0
2011-04-22,37.0,22.0
2011-04-23,27.0,16.0
2011-04-24,26.0,14.0
2011-04-25,45.0,23.0
2011-04-26,33.0,18.0
2011-04-27,31.0,16.0
2011-04-28,30.0,15.0
2011-04-29,25.0,12.0
2011-04-30,22.0,12.0
2011-05-01,23.0,10.0
2011-05-02,25.0,12.0
2011-05-03,29.0,15.0
2011-05-04,20.0,10.0
2011-05-05,31.0,17.0
2011-05-06,39.0,23.0
2011-05-07,49.0,24.0
2011-05-08,34.0,13.0
2011-05-09,17.0,9.0
2011-05-10,25.0,12.0
2011-05-11,31.0,12.0
2011-05-12,26.0,9.0
2011-05-13,30.0,11.0
2011-05-14,22.0,7.0
2011-05-15,8.0,2.0
2011-05-16,10.0,4.0
2011-05-17,19.0,11.0
2011-05-18,21.0,11.0
2011-05-19,27.0,12.2
2011-05-20,26.0,14.4
2011-05-21,40.0,22.0
2011-05-22,35.0,19.0
2011-05-23,31.0,17.0
2011-05-24,34.0,15.0
2011-05-25,28.0,12.0
2011-05-26,30.0,14.0
2011-05-27,27.0,12.0
2011-05-28,7.0,2.0
2011-05-29,16.0,7.0
2011-05-30,18.0,9.0
2011-05-31,35.0,17.0
2011-06-01,28.0,15.0
2011-06-02,35.0,19.0
2011-06-03,29.0,16.0
2011-06-04,30.0,16.0
2011-06-05,24.0,13.0
2011-06-06,13.0,9.0
2011-06-07,23.0,14.0
2011-06-08,13.0,6.0
2011-06-09,14.0,6.0
2011-06-10,18.0,10.0
2011-06-11,20.0,12.0
2011-06-12,17.0,10.0
2011-06-13,29.0,15.0
2011-06-14,22.0,13.0
2011-06-15,20.0,6.0
2011-06-16,16.0,5.0
2011-06-17,21.0,8.0
2011-06-18,19.0,8.0
2011-06-19,17.0,7.0
2011-06-20,25.0,10.0
2011-06-21,33.0,13.0
2011-06-22,29.0,13.0
2011-06-23,29.0,11.0
2011-06-24,29.0,10.0
2011-06-25,23.0,9.0
2011-06-26,27.0,12.0
2011-06-27,27.0,10.0
2011-06-28,37.0,14.0
2011-06-29,30.0,13.0
2011-06-30,18.0,9.0
2011-07-01,20.0,10.0
2011-07-02,14.0,7.0
2011-07-03,16.0,8.0
2011-07-04,23.0,10.0
2011-07-05,19.0,9.0
2011-07-06,31.8,19.1
2011-07-07,24.0,15.0
2011-07-08,28.0,15.0
2011-07-09,27.0,13.0
2011-07-10,30.0,16.0
2011-07-11,28.0,15.0
2011-07-12,31.0,13.0
2011-07-13,37.0,12.0
2011-07-14,30.0,8.0
2011-07-15,27.0,6.0
2011-07-16,23.0,8.0
2011-07-17,20.0,10.0
2011-07-18,15.0,4.0
2011-07-19,15.0,4.0
2011-07-20,5.0,1.0
2011-07-21,14.0,5.0
2011-07-22,16.0,7.0
2011-07-23,10.0,6.0
2011-07-24,3.0,4.0
2011-07-25,8.0,3.0
2011-07-26,11.0,7.0
2011-07-27,23.0,14.0
2011-07-28,20.0,10.0
2011-07-29,16.0,6.0
2011-07-30,14.0,6.0
2011-07-31,23.0,6.0
2011-08-01,17.0,9.0
2011-08-02,24.0,11.0
2011-08-03,23.0,11.0
2011-08-04,27.0,13.0
2011-08-05,26.0,15.0
2011-08-06,21.0,11.0
2011-08-07,23.0,12.0
2011-08-08,20.0,6.0
2011-08-09,24.0,7.0
2011-08-10,19.0,8.0
2011-08-11,20.0,9.0
2011-08-12,17.0,9.0
2011-08-13,22.0,10.0
2011-08-14,24.0,12.0
2011-08-15,25.0,11.0
2011-08-16,28.0,12.0
2011-08-17,24.0,10.0
2011-08-18,31.0,12.0
2011-08-19,22.0,11.0
2011-08-20,30.0,14.0
2011-08-21,37.0,16.0
2011-08-22,36.0,17.0
2011-08-23,34.0,12.0
2011-08-24,31.0,15.0
2011-08-25,31.0,15.0
2011-08-26,31.0,17.0
2011-08-27,26.0,10.0
2011-08-28,30.0,10.0
2011-08-29,31.0,11.0
2011-08-30,36.0,11.0
2011-08-31,28.0,10.0
2011-09-01,33.0,12.0
2011-09-02,40.0,11.0
2011-09-03,42.0,14.0
2011-09-04,39.0,18.0
2011-09-05,17.0,9.0
2011-09-06,21.0,10.0
2011-09-07,14.0,6.0
2011-09-08,26.0,11.0
2011-09-09,35.0,17.0
2011-09-10,38.0,21.0
2011-09-11,34.0,16.0
2011-09-12,28.0,14.0
2011-09-13,34.0,17.0
2011-09-14,26.0,13.0
2011-09-15,27.0,15.0
2011-09-16,25.0,12.0
2011-09-17,23.0,10.0
2011-09-18,9.0,1.0
2011-09-19,6.0,4.0
2011-09-20,11.0,6.0
2011-09-21,18.0,9.0
2011-09-22,32.0,14.0
2011-09-23,42.0,24.0
2011-09-24,41.0,24.0
2011-09-25,41.0,21.0
2011-09-26,36.0,20.0
2011-09-27,43.0,24.0
2011-09-28,49.0,26.0
2011-09-29,48.0,24.0
2011-09-30,37.0,17.0
2011-10-01,39.0,14.0
2011-10-02,44.0,17.0
2011-10-03,33.0,13.0
2011-10-04,45.0,18.0
2011-10-05,67.0,33.0
2011-10-06,38.0,17.0
2011-10-07,16.0,6.0
2011-10-08,7.0,4.0
2011-10-09,13.0,9.0
2011-10-10,30.0,18.0
2011-10-11,45.0,23.0
2011-10-12,51.0,20.0
2011-10-13,69.0,32.0
2011-10-14,29.0,10.0
2011-10-15,31.0,14.0
2011-10-16,30.0,15.0
2011-10-17,33.0,20.0
2011-10-18,53.0,30.0
2011-10-19,72.0,48.0
2011-10-20,42.0,26.0
2011-10-21,19.0,12.0
2011-10-22,24.0,15.0
2011-10-23,31.0,26.0
2011-10-24,37.0,26.0
2011-10-25,31.8,19.1
2011-10-26,31.8,19.1
2011-10-27,17.0,14.0
2011-10-28,31.0,24.0
2011-10-29,46.0,35.0
2011-10-30,63.0,43.0
2011-10-31,59.0,41.0
2011-11-01,57.0,41.0
2011-11-02,56.0,39.0
2011-11-03,86.0,66.0
2011-11-04,59.0,45.0
2011-11-05,37.0,19.0
2011-11-06,22.0,11.0
2011-11-07,29.0,18.0
2011-11-08,29.0,15.0
2011-11-09,40.0,17.0
2011-11-10,43.0,20.0
2011-11-11,34.0,22.0
2011-11-12,45.0,33.0
2011-11-13,37.0,30.0
2011-11-14,43.0,29.0
2011-11-15,38.0,28.0
2011-11-16,35.0,24.0
2011-11-17,36.0,26.0
2011-11-18,49.0,36.0
2011-11-19,66.0,51.0
2011-11-20,55.0,40.0
2011-11-21,64.0,43.0
2011-11-22,70.0,50.0
2011-11-23,63.0,45.0
2011-11-24,60.0,40.0
2011-11-25,54.0,39.0
2011-11-26,59.0,43.0
2011-11-27,61.0,47.0
2011-11-28,70.0,55.0
2011-11-29,85.0,63.2
2011-11-30,67.0,46.8
2011-12-01,73.0,57.0
2011-12-02,88.0,72.0
2011-12-03,95.0,66.0
2011-12-04,84.0,42.0
2011-12-05,68.0,37.0
2011-12-06,29.0,16.0
2011-12-07,38.0,27.0
2011-12-08,45.0,31.0
2011-12-09,75.0,57.0
2011-12-10,86.0,66.0
2011-12-11,84.0,61.0
2011-12-12,91.4,71.0
2011-12-13,31.8,19.1
2011-12-14,69.0,56.0
2011-12-15,43.0,31.0
2011-12-16,41.0,31.0
2011-12-17,1.0,1.0
2011-12-18,20.0,16.0
2011-12-19,32.0,24.0
2011-12-20,29.0,19.0
2011-12-21,43.0,29.0
2011-12-22,67.0,49.0
2011-12-23,65.0,47.0
2011-12-24,82.0,65.0
2011-12-25,42.0,30.0
2011-12-26,35.0,25.0
2011-12-27,56.0,40.0
2011-12-28,45.0,32.0
2011-12-29,63.0,45.0
2011-12-30,46.0,37.0
2011-12-31,28.0,19.0
2012-01-01,60.0,47.0
2012-01-02,79.0,63.0
2012-01-03,38.0,27.0
2012-01-04,34.0,25.0
2012-01-05,33.0,20.0
2012-01-06,4.0,2.0
2012-01-07,18.0,12.0
2012-01-08,29.0,22.0
2012-01-09,30.0,20.0
2012-01-10,37.0,24.0
2012-01-11,60.0,44.0
2012-01-12,57.0,39.0
2012-01-13,75.0,56.0
2012-01-14,72.0,52.0
2012-01-15,64.0,49.0
2012-01-16,66.0,46.0
2012-01-17,71.0,51.0
2012-01-18,56.0,38.0
2012-01-19,62.0,48.0
2012-01-20,74.0,55.0
2012-01-21,60.0,48.0
2012-01-22,79.0,63.0
2012-01-23,107.0,84.0
2012-01-24,65.0,44.0
2012-01-25,32.0,18.0
2012-01-26,64.0,42.0
2012-01-27,73.0,54.0
2012-01-28,63.0,47.0
2012-01-29,46.0,32.0
2012-01-30,42.0,31.0
2012-01-31,32.0,24.0
2012-02-01,37.0,33.0
2012-02-02,45.0,31.0
2012-02-03,38.0,25.0
2012-02-04,43.0,29.0
2012-02-05,58.0,46.0
2012-02-06,63.0,51.0
2012-02-07,69.0,57.0
2012-02-08,68.0,48.0
2012-02-09,84.0,59.0
2012-02-10,66.0,48.0
2012-02-11,59.0,43.0
2012-02-12,62.0,47.0
2012-02-13,55.0,43.0
2012-02-14,70.0,56.0
2012-02-15,48.0,36.0
2012-02-16,115.0,94.0
2012-02-17,118.0,94.0
2012-02-18,101.0,77.0
2012-02-19,218.0,184.0
2012-02-20,31.8,19.1
2012-02-21,31.8,19.1
2012-02-22,41.0,32.0
2012-02-23,38.0,27.0
2012-02-24,37.0,20.0
2012-02-25,48.0,31.0
2012-02-26,52.0,36.0
2012-02-27,44.0,28.0
2012-02-28,42.0,24.0
2012-02-29,65.0,42.0
2012-03-01,100.0,67.0
2012-03-02,51.0,33.0
2012-03-03,43.0,27.0
2012-03-04,36.0,22.0
2012-03-05,47.0,32.0
2012-03-06,33.0,21.0
2012-03-07,47.0,33.0
2012-03-08,59.0,43.0
2012-03-09,45.0,33.0
2012-03-10,29.0,19.0
2012-03-11,31.0,22.0
2012-03-12,45.0,28.0
2012-03-13,36.0,18.0
2012-03-14,53.0,28.0
2012-03-15,72.0,45.0
2012-03-16,84.0,49.0
2012-03-17,66.0,43.0
2012-03-18,45.0,27.0
2012-03-19,29.0,16.0
2012-03-20,34.0,18.0
2012-03-21,45.0,25.0
2012-03-22,54.0,28.0
2012-03-23,52.0,29.0
2012-03-24,54.0,30.0
2012-03-25,42.0,23.0
2012-03-26,38.0,20.0
2012-03-27,41.0,21.0
2012-03-28,42.0,23.0
2012-03-29,25.0,10.0
2012-03-30,20.0,6.0
2012-03-31,27.0,12.0
2012-04-01,30.0,13.0
2012-04-02,30.0,12.0
2012-04-03,39.0,17.0
2012-04-04,50.0,25.0
2012-04-05,31.8,19.1
2012-04-06,11.0,7.0
2012-04-07,8.0,4.0
2012-04-08,8.0,8.0
2012-04-09,13.0,13.0
2012-04-10,28.0,20.0
2012-04-11,17.0,12.0
2012-04-12,9.0,5.0
2012-04-13,21.0,10.0
2012-04-14,18.0,6.0
2012-04-15,16.0,7.0
2012-04-16,13.0,5.0
2012-04-17,12.0,7.0
2012-04-18,10.0,8.0
2012-04-19,5.0,3.0
2012-04-20,4.0,4.0
2012-04-21,14.0,4.0
2012-04-22,14.0,5.0
2012-04-23,14.0,5.0
2012-04-24,10.0,3.0
2012-04-25,12.0,4.0
2012-04-26,19.0,7.0
2012-04-27,28.0,10.0
2012-04-28,34.0,14.0
2012-04-29,48.0,23.0
2012-04-30,28.0,8.0
2012-05-01,31.0,12.0
2012-05-02,10.0,2.0
2012-05-03,12.0,5.0
2012-05-04,20.0,8.0
2012-05-05,11.0,5.0
2012-05-06,14.0,5.0
2012-05-07,16.0,8.0
2012-05-08,20.0,9.0
2012-05-09,24.0,8.0
2012-05-10,29.0,13.0
2012-05-11,31.0,13.0
2012-05-12,28.0,9.0
2012-05-13,11.0,4.0
2012-05-14,13.0,6.0
2012-05-15,15.0,10.0
2012-05-16,14.0,8.0
2012-05-17,12.0,6.0
2012-05-18,21.0,13.0
2012-05-19,28.0,15.0
2012-05-20,46.0,27.0
2012-05-21,16.0,4.0
2012-05-22,15.0,4.0
2012-05-23,15.0,4.0
2012-05-24,26.0,12.0
2012-05-25,26.0,15.0
2012-05-26,25.0,16.0
2012-05-27,19.0,11.0
2012-05-28,21.0,13.0
2012-05-29,21.0,12.0
2012-05-30,24.0,10.0
2012-05-31,28.0,16.0
2012-06-01,25.0,11.0
2012-06-02,29.0,13.0
2012-06-03,24.0,10.0
2012-06-04,16.0,6.0
2012-06-05,14.0,6.0
2012-06-06,15.0,9.0
2012-06-07,22.0,10.0
2012-06-08,34.0,17.0
2012-06-09,33.0,17.0
2012-06-10,20.0,6.0
2012-06-11,14.0,4.0
2012-06-12,15.0,4.0
2012-06-13,17.0,6.0
2012-06-14,19.0,8.0
2012-06-15,30.0,11.0
2012-06-16,30.0,14.0
2012-06-17,31.0,13.0
2012-06-18,32.0,12.0
2012-06-19,31.0,14.0
2012-06-20,39.0,14.0
2012-06-21,39.0,13.0
2012-06-22,36.0,15.0
2012-06-23,35.0,16.0
2012-06-24,27.0,15.0
2012-06-25,31.0,15.0
2012-06-26,29.0,11.0
2012-06-27,18.8,9.0
2012-06-28,30.0,12.0
2012-06-29,30.0,12.0
2012-06-30,33.0,11.0
2012-07-01,45.0,16.0
2012-07-02,48.0,19.0
2012-07-03,28.0,13.0
2012-07-04,30.0,14.0
2012-07-05,26.0,13.0
2012-07-06,29.0,16.0
2012-07-07,21.0,13.0
2012-07-08,19.0,8.0
2012-07-09,28.0,12.0
2012-07-10,27.0,14.0
2012-07-11,27.0,11.0
2012-07-12,26.0,13.0
2012-07-13,29.0,9.0
2012-07-14,27.0,12.0
2012-07-15,27.0,12.0
2012-07-16,20.0,11.0
2012-07-17,26.0,11.0
2012-07-18,29.0,16.0
2012-07-19,22.0,11.0
2012-07-20,22.0,8.0
2012-07-21,22.0,10.0
2012-07-22,16.0,6.0
2012-07-23,20.0,7.0
2012-07-24,30.0,13.0
2012-07-25,36.0,16.0
2012-07-26,32.0,15.0
2012-07-27,34.0,17.0
2012-07-28,30.0,15.0
2012-07-29,28.0,13.0
2012-07-30,30.0,12.0
2012-07-31,30.0,11.0
2012-08-01,27.0,12.0
2012-08-02,30.0,13.0
2012-08-03,32.0,14.0
2012-08-04,29.0,14.0
2012-08-05,32.0,13.0
2012-08-06,38.0,14.0
2012-08-07,22.0,9.0
2012-08-08,29.0,14.0
2012-08-09,33.0,14.0
2012-08-10,21.0,8.0
2012-08-11,23.0,8.0
2012-08-12,22.0,8.0
2012-08-13,22.0,9.0
2012-08-14,24.0,10.0
2012-08-15,25.0,11.0
2012-08-16,34.0,15.0
2012-08-17,33.0,14.0
2012-08-18,33.0,15.0
2012-08-19,31.0,16.0
2012-08-20,32.0,14.0
2012-08-21,39.0,16.0
2012-08-22,38.0,18.0
2012-08-23,38.0,18.0
2012-08-24,32.0,12.0
2012-08-25,35.0,18.0
2012-08-26,21.0,11.0
2012-08-27,21.0,7.0
2012-08-28,25.0,10.0
2012-08-29,36.0,13.0
2012-08-30,47.0,20.0
2012-08-31,25.0,14.0
2012-09-01,12.0,4.0
2012-09-02,22.0,10.0
2012-09-03,16.0,6.0
2012-09-04,25.0,14.0
2012-09-05,33.0,17.0
2012-09-06,37.0,25.0
2012-09-07,35.0,23.0
2012-09-08,32.0,19.0
2012-09-09,30.0,17.0
2012-09-10,30.0,17.0
2012-09-11,30.0,17.0
2012-09-12,23.0,11.0
2012-09-13,7.0,3.0
2012-09-14,12.0,5.0
2012-09-15,22.0,11.0
2012-09-16,21.0,11.0
2012-09-17,24.0,11.0
2012-09-18,34.0,19.0
2012-09-19,47.0,25.0
2012-09-20,18.0,9.0
2012-09-21,24.0,11.0
2012-09-22,29.0,15.0
2012-09-23,45.0,23.0
2012-09-24,34.0,11.0
2012-09-25,38.0,15.0
2012-09-26,32.0,11.0
2012-09-27,14.0,4.0
2012-09-28,26.0,11.0
2012-09-29,32.0,15.0
2012-09-30,33.0,19.0
2012-10-01,20.0,7.0
2012-10-02,15.0,5.0
2012-10-03,18.0,7.0
2012-10-04,16.0,8.0
2012-10-05,30.0,14.0
2012-10-06,22.0,10.0
2012-10-07,19.0,9.0
2012-10-08,28.0,12.0
2012-10-09,27.0,16.0
2012-10-10,45.0,24.0
2012-10-11,41.0,23.0
2012-10-12,22.0,10.0
2012-10-13,41.0,22.0
2012-10-14,32.0,17.0
2012-10-15,18.0,11.0
2012-10-16,17.0,9.0
2012-10-17,38.0,22.0
2012-10-18,47.0,31.0
2012-10-19,55.0,35.0
2012-10-20,55.0,31.0
2012-10-21,62.0,35.0
2012-10-22,75.0,45.0
2012-10-23,62.0,31.0
2012-10-24,48.4,32.0
2012-10-25,63.0,39.0
2012-10-26,67.0,43.0
2012-10-27,20.0,12.0
2012-10-28,11.0,4.0
2012-10-29,9.0,5.0
2012-10-30,24.0,17.0
2012-10-31,35.0,26.0
2012-11-01,11.0,6.0
2012-11-02,33.0,21.0
2012-11-03,34.0,20.0
2012-11-04,33.0,19.0
2012-11-05,14.0,4.0
2012-11-06,29.0,14.0
2012-11-07,27.0,14.0
2012-11-08,33.0,23.0
2012-11-09,36.0,26.0
2012-11-10,79.0,58.0
2012-11-11,16.0,7.0
2012-11-12,29.0,16.0
2012-11-13,42.0,22.0
2012-11-14,28.0,17.0
2012-11-15,39.0,28.0
2012-11-16,43.0,31.0
2012-11-17,57.0,46.0
2012-11-18,55.0,43.0
2012-11-19,52.0,36.0
2012-11-20,46.0,28.0
2012-11-21,48.0,28.0
2012-11-22,57.0,36.0
2012-11-23,70.0,48.0
2012-11-24,79.0,56.0
2012-11-25,88.0,62.0
2012-11-26,119.0,73.0
2012-11-27,60.0,31.0
2012-11-28,4.0,0.0
2012-11-29,8.0,2.0
2012-11-30,8.0,3.0
2012-12-01,12.0,9.0
2012-12-02,27.0,19.0
2012-12-03,18.0,14.0
2012-12-04,28.0,21.0
2012-12-05,40.0,12.0
2012-12-06,27.0,18.0
2012-12-07,18.0,12.0
2012-12-08,41.0,24.4
2012-12-09,39.0,31.0
2012-12-10,72.0,51.4
2012-12-11,36.0,21.0
2012-12-12,31.0,24.0
2012-12-13,61.0,48.0
2012-12-14,56.0,52.0
2012-12-15,40.0,34.0
2012-12-16,33.0,23.0
2012-12-17,47.0,34.0
2012-12-18,24.0,15.0
2012-12-19,36.0,26.0
2012-12-20,39.0,25.0
2012-12-21,54.0,41.0
2012-12-22,36.0,23.0
2012-12-23,38.0,28.0
2012-12-24,61.0,48.0
2012-12-25,98.0,72.0
2012-12-26,52.0,39.0
2012-12-27,24.0,13.0
2012-12-28,17.0,8.0
2012-12-29,33.0,22.0
2012-12-30,40.0,32.0
2012-12-31,51.0,40.0
2013-01-01,57.0,45.0
2013-01-02,59.0,51.0
2013-01-03,38.0,27.0
2013-01-04,42.0,29.0
2013-01-05,48.0,20.0
2013-01-06,37.0,22.0
2013-01-07,65.0,47.0
2013-01-08,63.0,45.0
2013-01-09,48.0,35.0
2013-01-10,53.0,38.0
2013-01-11,35.0,21.0
2013-01-12,47.0,30.0
2013-01-13,49.0,38.0
2013-01-14,25.0,21.0
2013-01-15,20.0,15.0
2013-01-16,4.0,3.0
2013-01-17,16.0,10.0
2013-01-18,26.0,18.0
2013-01-19,39.0,31.0
2013-01-20,36.0,31.0
2013-01-21,33.0,26.0
2013-01-22,28.0,20.0
2013-01-23,48.0,36.0
2013-01-24,41.0,28.0
2013-01-25,30.0,19.0
2013-01-26,41.0,29.0
2013-01-27,50.0,40.0
2013-01-28,71.0,60.0
2013-01-29,42.0,28.0
2013-01-30,41.0,27.0
2013-01-31,33.0,19.0
2013-02-01,31.0,14.0
2013-02-02,31.0,11.0
2013-02-03,9.0,7.0
2013-02-04,21.0,12.0
2013-02-05,51.0,36.0
2013-02-06,41.0,31.0
2013-02-07,27.0,18.0
2013-02-08,21.0,13.0
2013-02-09,36.0,25.0
2013-02-10,51.0,42.0
2013-02-11,38.0,31.0
2013-02-12,41.0,30.0
2013-02-13,46.0,28.0
2013-02-14,59.0,39.0
2013-02-15,93.0,69.0
2013-02-16,82.0,62.0
2013-02-17,47.0,36.0
2013-02-18,52.0,40.0
2013-02-19,41.0,28.0
2013-02-20,55.0,43.0
2013-02-21,23.0,13.0
2013-02-22,24.0,19.0
2013-02-23,42.0,32.0
2013-02-24,51.0,38.0
2013-02-25,52.0,43.0
2013-02-26,43.0,32.0
2013-02-27,27.0,19.0
2013-02-28,38.0,28.0
2013-03-01,43.0,31.0
2013-03-02,64.0,47.0
2013-03-03,39.0,28.0
2013-03-04,50.0,34.0
2013-03-05,73.0,53.0
2013-03-06,37.0,24.0
2013-03-07,20.0,13.0
2013-03-08,24.0,14.0
2013-03-09,17.0,11.0
2013-03-10,14.0,8.0
2013-03-11,27.0,15.0
2013-03-12,23.0,15.0
2013-03-13,11.0,8.0
2013-03-14,31.8,19.1
2013-03-15,16.0,16.0
2013-03-16,31.0,30.0
2013-03-17,31.0,29.0
2013-03-18,13.0,17.0
2013-03-19,23.0,14.0
2013-03-20,33.0,23.0
2013-03-21,16.0,10.0
2013-03-22,31.0,19.0
2013-03-23,40.0,27.0
2013-03-24,23.0,17.0
2013-03-25,15.0,8.0
2013-03-26,19.0,13.0
2013-03-27,34.0,26.0
2013-03-28,41.0,32.0
2013-03-29,47.0,35.0
2013-03-30,41.0,28.0
2013-03-31,5.0,3.0
2013-04-01,12.0,8.0
2013-04-02,18.0,12.0
2013-04-03,23.0,15.0
2013-04-04,26.0,14.0
2013-04-05,12.0,5.0
2013-04-06,20.0,12.0
2013-04-07,19.0,9.0
2013-04-08,23.0,17.0
2013-04-09,36.0,29.0
2013-04-10,44.0,32.0
2013-04-11,29.0,18.2
2013-04-12,23.0,13.0
2013-04-13,24.0,10.0
2013-04-14,22.0,12.0
2013-04-15,31.0,17.0
2013-04-16,33.0,19.0
2013-04-17,30.0,15.0
2013-04-18,43.0,22.0
2013-04-19,33.0,18.0
2013-04-20,22.0,13.0
2013-04-21,19.0,13.0
2013-04-22,15.0,10.0
2013-04-23,18.0,12.0
2013-04-24,20.0,14.0
2013-04-25,25.0,18.0
2013-04-26,31.0,20.0
2013-04-27,30.0,9.0
2013-04-28,14.0,5.0
2013-04-29,36.0,15.0
2013-04-30,46.0,18.0
2013-05-01,51.0,27.0
2013-05-02,57.0,28.0
2013-05-03,39.0,12.0
2013-05-04,25.0,13.0
2013-05-05,28.0,15.0
2013-05-06,15.0,8.0
2013-05-07,16.0,9.0
2013-05-08,17.0,4.0
2013-05-09,18.0,9.0
2013-05-10,18.0,10.0
2013-05-11,9.0,1.0
2013-05-12,10.0,6.0
2013-05-13,14.0,7.0
2013-05-14,16.0,9.0
2013-05-15,19.0,12.0
2013-05-16,17.0,7.0
2013-05-17,9.0,4.0
2013-05-18,13.0,4.0
2013-05-19,10.0,1.0
2013-05-20,13.0,7.0
2013-05-21,9.0,5.0
2013-05-22,15.0,10.0
2013-05-23,8.0,5.0
2013-05-24,4.0,2.0
2013-05-25,10.0,3.0
2013-05-26,8.0,2.0
2013-05-27,19.0,7.0
2013-05-28,14.0,5.0
2013-05-29,11.0,4.0
2013-05-30,7.0,3.0
2013-05-31,10.0,3.0
2013-06-01,24.0,12.0
2013-06-02,27.0,14.0
2013-06-03,20.0,8.0
2013-06-04,19.0,7.0
2013-06-05,20.0,9.0
2013-06-06,24.0,9.0
2013-06-07,28.0,8.0
2013-06-08,24.0,8.0
2013-06-09,15.0,5.0
2013-06-10,11.0,4.0
2013-06-11,24.0,12.0
2013-06-12,41.0,18.0
2013-06-13,26.0,12.0
2013-06-14,26.0,12.0
2013-06-15,28.0,11.0
2013-06-16,24.0,12.0
2013-06-17,33.0,11.0
2013-06-18,40.0,16.0
2013-06-19,33.0,17.0
2013-06-20,32.0,13.0
2013-06-21,20.0,10.0
2013-06-22,17.0,8.0
2013-06-23,24.0,10.0
2013-06-24,11.0,6.0
2013-06-25,16.0,8.0
2013-06-26,15.0,7.0
2013-06-27,31.8,19.1
2013-06-28,11.0,7.0
2013-06-29,26.0,17.0
2013-06-30,18.0,10.0
2013-07-01,16.0,7.0
2013-07-02,18.0,7.0
2013-07-03,17.0,8.0
2013-07-04,30.0,14.0
2013-07-05,31.0,15.0
2013-07-06,22.0,12.0
2013-07-07,24.0,10.0
2013-07-08,28.0,12.0
2013-07-09,34.0,16.0
2013-07-10,36.0,21.0
2013-07-11,25.0,13.0
2013-07-12,27.0,11.0
2013-07-13,29.0,20.0
2013-07-14,20.0,11.0
2013-07-15,27.0,15.0
2013-07-16,30.0,17.0
2013-07-17,30.0,15.0
2013-07-18,27.0,11.0
2013-07-19,24.0,10.0
2013-07-20,33.0,18.0
2013-07-21,37.0,23.0
2013-07-22,35.0,16.0
2013-07-23,34.0,17.0
2013-07-24,32.0,16.0
2013-07-25,33.0,14.0
2013-07-26,37.0,19.0
2013-07-27,29.0,18.2
2013-07-28,23.0,10.0
2013-07-29,15.0,8.0
2013-07-30,11.0,4.0
2013-07-31,22.0,10.0
2013-08-01,26.0,12.0
2013-08-02,28.0,11.0
2013-08-03,24.0,9.0
2013-08-04,23.0,6.0
2013-08-05,29.0,10.0
2013-08-06,28.0,8.0
2013-08-07,40.0,12.0
2013-08-08,40.0,13.0
2013-08-09,16.0,5.0
2013-08-10,17.0,6.0
2013-08-11,20.0,9.0
2013-08-12,25.0,9.0
2013-08-13,16.0,8.0
2013-08-14,14.0,8.0
2013-08-15,13.0,8.0
2013-08-16,18.0,9.0
2013-08-17,25.0,12.0
2013-08-18,23.0,8.0
2013-08-19,25.0,10.0
2013-08-20,11.0,4.0
2013-08-21,18.0,9.0
2013-08-22,26.0,12.0
2013-08-23,31.0,14.0
2013-08-24,23.0,10.0
2013-08-25,15.0,8.0
2013-08-26,11.0,5.0
2013-08-27,13.0,7.0
2013-08-28,17.0,5.0
2013-08-29,16.0,8.0
2013-08-30,17.0,10.0
2013-08-31,22.0,10.0
2013-09-01,24.0,13.0
2013-09-02,22.0,11.0
2013-09-03,28.0,13.0
2013-09-04,34.0,16.0
2013-09-05,32.0,12.0
2013-09-06,31.0,13.0
2013-09-07,30.0,10.0
2013-09-08,26.0,13.0
2013-09-09,19.0,4.0
2013-09-10,18.0,3.0
2013-09-11,9.0,2.0
2013-09-12,20.0,8.0
2013-09-13,22.0,11.0
2013-09-14,20.0,11.0
2013-09-15,23.0,11.0
2013-09-16,10.0,4.0
2013-09-17,11.0,4.0
2013-09-18,31.8,19.1
2013-09-19,39.0,19.0
2013-09-20,36.0,19.0
2013-09-21,43.0,24.0
2013-09-22,31.0,17.0
2013-09-23,31.0,13.0
2013-09-24,22.0,12.0
2013-09-25,17.0,6.0
2013-09-26,22.0,9.0
2013-09-27,23.0,9.0
2013-09-28,29.0,10.0
2013-09-29,16.0,7.0
2013-09-30,9.0,3.0
2013-10-01,13.0,6.0
2013-10-02,24.0,11.0
2013-10-03,37.0,18.0
2013-10-04,33.0,19.0
2013-10-05,34.0,23.0
2013-10-06,20.0,15.0
2013-10-07,23.0,14.0
2013-10-08,46.0,32.8
2013-10-09,49.0,33.0
2013-10-10,13.0,5.0
2013-10-11,6.0,2.8
2013-10-12,8.0,4.2
2013-10-13,28.0,13.0
2013-10-14,36.0,19.4
2013-10-15,38.0,16.0
2013-10-16,35.0,14.0
2013-10-17,38.0,19.0
2013-10-18,68.0,24.0
2013-10-19,87.0,34.0
2013-10-20,31.8,19.1
2013-10-21,31.8,19.1
2013-10-22,74.0,25.0
2013-10-23,50.0,14.0
2013-10-24,40.0,26.8
2013-10-25,42.0,26.4
2013-10-26,49.0,35.4
2013-10-27,40.0,26.8
2013-10-28,31.8,19.1
2013-10-29,31.8,19.1
2013-10-30,41.0,7.0
2013-10-31,19.0,5.0
2013-11-01,36.0,9.0
2013-11-02,59.0,16.0
2013-11-03,63.0,12.0
2013-11-04,34.0,2.0
2013-11-05,28.0,3.0
2013-11-06,33.0,9.0
2013-11-07,64.0,10.0
2013-11-08,96.0,14.0
2013-11-09,56.0,9.0
2013-11-10,11.6,3.0
2013-11-11,11.4,4.0
2013-11-12,31.8,19.1
2013-11-13,31.8,19.1
2013-11-14,23.0,16.0
2013-11-15,11.0,10.0
2013-11-16,20.0,14.0
2013-11-17,30.0,25.0
2013-11-18,49.0,35.0
2013-11-19,28.0,17.0
2013-11-20,14.0,6.0
2013-11-21,2.0,0.0
2013-11-22,20.0,12.0
2013-11-23,18.0,13.0
2013-11-24,24.0,18.0
2013-11-25,21.0,13.0
2013-11-26,24.0,16.0
2013-11-27,25.0,17.0
2013-11-28,32.0,22.0
2013-11-29,38.0,26.0
2013-11-30,53.0,39.0
2013-12-01,48.0,36.0
2013-12-02,43.0,27.0
2013-12-03,39.0,22.0
2013-12-04,33.0,23.0
2013-12-05,40.0,25.0
2013-12-06,64.0,48.0
2013-12-07,57.0,41.0
2013-12-08,56.0,42.0
2013-12-09,69.0,50.0
2013-12-10,75.0,53.0
2013-12-11,49.0,29.0
2013-12-12,54.0,38.0
2013-12-13,63.0,46.0
2013-12-14,43.0,31.0
2013-12-15,73.4,57.0
2013-12-16,31.8,19.1
2013-12-17,40.0,26.0
2013-12-18,41.0,25.0
2013-12-19,74.0,55.0
2013-12-20,70.0,54.0
2013-12-21,52.0,38.0
2013-12-22,58.0,42.0
2013-12-23,55.0,40.0
2013-12-24,31.0,13.0
2013-12-25,17.0,6.0
2013-12-26,3.0,0.0
2013-12-27,19.0,9.0
2013-12-28,29.0,20.0
2013-12-29,37.0,30.0
2013-12-30,35.0,26.0
2013-12-31,28.0,20.0
2014-01-01,34.0,28.0
2014-01-02,53.0,48.0
2014-01-03,42.0,36.0
2014-01-04,39.0,27.0
2014-01-05,17.0,12.0
2014-01-06,33.0,24.0
2014-01-07,36.0,25.0
2014-01-08,59.0,44.0
2014-01-09,57.0,40.0
2014-01-10,42.0,30.0
2014-01-11,71.0,58.0
2014-01-12,50.0,33.0
2014-01-13,56.0,29.0
2014-01-14,30.0,16.0
2014-01-15,26.0,18.0
2014-01-16,34.0,23.0
2014-01-17,18.0,11.0
2014-01-18,18.0,14.0
2014-01-19,17.0,12.0
2014-01-20,23.0,15.0
2014-01-21,33.0,20.0
2014-01-22,26.0,14.0
2014-01-23,26.0,14.0
2014-01-24,30.0,21.0
2014-01-25,20.0,14.0
2014-01-26,21.0,15.0
2014-01-27,44.0,35.0
2014-01-28,13.0,10.0
2014-01-29,30.0,16.4
2014-01-30,22.0,11.0
2014-01-31,22.0,11.0
2014-02-01,30.0,16.4
2014-02-02,33.0,18.8
2014-02-03,17.0,7.8
2014-02-04,28.0,13.0
2014-02-05,39.0,23.8
2014-02-06,21.0,8.4
2014-02-07,30.0,21.0
2014-02-08,26.0,21.0
2014-02-09,12.0,8.0
2014-02-10,14.0,10.0
2014-02-11,20.0,14.0
2014-02-12,27.0,18.0
2014-02-13,39.0,27.0
2014-02-14,38.0,26.0
2014-02-15,57.0,42.0
2014-02-16,72.0,50.0
2014-02-17,57.0,39.0
2014-02-18,47.0,27.0
2014-02-19,35.0,22.0
2014-02-20,19.0,9.0
2014-02-21,30.0,18.0
2014-02-22,27.0,18.0
2014-02-23,17.0,10.0
2014-02-24,24.0,15.0
2014-02-25,40.0,29.0
2014-02-26,43.0,31.0
2014-02-27,33.0,24.0
2014-02-28,24.0,15.0
2014-03-01,9.0,2.0
2014-03-02,12.0,5.0
2014-03-03,18.0,11.0
2014-03-04,22.0,15.0
2014-03-05,32.0,23.0
2014-03-06,34.0,24.0
2014-03-07,43.0,28.0
2014-03-08,42.0,27.0
2014-03-09,36.0,26.0
2014-03-10,39.0,24.0
2014-03-11,43.0,26.0
2014-03-12,44.0,27.0
2014-03-13,50.0,33.0
2014-03-14,61.0,41.0
2014-03-15,50.0,34.0
2014-03-16,92.0,65.0
2014-03-17,65.0,47.0
2014-03-18,82.0,39.0
2014-03-19,55.0,34.0
2014-03-20,73.0,42.0
2014-03-21,75.0,48.0
2014-03-22,31.0,19.0
2014-03-23,5.0,2.0
2014-03-24,3.0,1.0
2014-03-25,13.0,11.0
2014-03-26,22.0,18.0
2014-03-27,35.0,26.0
2014-03-28,34.0,23.0
2014-03-29,37.0,26.0
2014-03-30,39.0,21.0
2014-03-31,31.8,19.1
2014-04-01,24.0,10.0
2014-04-02,32.0,11.0
2014-04-03,48.0,20.0
2014-04-04,30.0,12.0
2014-04-05,35.0,16.0
2014-04-06,29.0,14.0
2014-04-07,35.0,15.0
2014-04-08,29.0,14.0
2014-04-09,26.0,16.0
2014-04-10,27.0,12.0
2014-04-11,31.0,15.0
2014-04-12,26.0,12.0
2014-04-13,32.0,14.0
2014-04-14,25.0,10.0
2014-04-15,20.0,10.0
2014-04-16,17.0,9.0
2014-04-17,15.0,9.0
2014-04-18,23.0,13.0
2014-04-19,17.0,8.0
2014-04-20,14.0,6.0
2014-04-21,26.0,11.0
2014-04-22,29.0,13.0
2014-04-23,28.0,15.0
2014-04-24,27.0,14.0
2014-04-25,15.0,8.0
2014-04-26,17.0,7.0
2014-04-27,14.0,6.0
2014-04-28,8.0,3.0
2014-04-29,13.0,5.0
2014-04-30,15.0,7.0
2014-05-01,10.0,5.0
2014-05-02,12.0,5.0
2014-05-03,15.0,8.0
2014-05-04,11.0,6.0
2014-05-05,17.0,10.0
2014-05-06,17.0,11.0
2014-05-07,13.0,9.0
2014-05-08,23.0,13.0
2014-05-09,24.0,10.0
2014-05-10,18.0,8.0
2014-05-11,20.0,7.0
2014-05-12,15.0,3.0
2014-05-13,12.0,5.0
2014-05-14,13.0,6.0
2014-05-15,14.0,7.0
2014-05-16,16.0,7.0
2014-05-17,18.0,6.0
2014-05-18,17.0,6.0
2014-05-19,26.0,8.0
2014-05-20,31.0,10.0
2014-05-21,32.0,8.0
2014-05-22,39.0,10.0
2014-05-23,28.0,7.0
2014-05-24,18.0,4.0
2014-05-25,25.0,8.0
2014-05-26,25.0,9.0
2014-05-27,11.0,3.0
2014-05-28,15.0,4.0
2014-05-29,16.0,6.0
2014-05-30,18.0,7.0
2014-05-31,13.0,6.0
2014-06-01,17.0,9.0
2014-06-02,17.0,9.0
2014-06-03,19.0,10.0
2014-06-04,20.0,9.0
2014-06-05,21.0,6.0
2014-06-06,36.0,12.0
2014-06-07,45.0,17.0
2014-06-08,44.0,20.0
2014-06-09,36.0,16.0
2014-06-10,39.0,18.0
2014-06-11,41.0,20.0
2014-06-12,42.0,18.0
2014-06-13,28.0,10.0
2014-06-14,16.0,7.0
2014-06-15,16.0,8.0
2014-06-16,13.0,6.0
2014-06-17,17.0,11.0
2014-06-18,22.0,13.0
2014-06-19,23.0,11.0
2014-06-20,23.0,10.0
2014-06-21,31.0,14.0
2014-06-22,31.0,15.0
2014-06-23,26.0,12.0
2014-06-24,27.0,10.0
2014-06-25,18.0,7.0
2014-06-26,15.0,7.0
2014-06-27,17.0,9.0
2014-06-28,20.0,10.0
2014-06-29,21.0,9.0
2014-06-30,13.0,5.0
2014-07-01,16.0,6.0
2014-07-02,23.0,12.0
2014-07-03,27.0,13.0
2014-07-04,26.0,14.0
2014-07-05,27.0,12.0
2014-07-06,29.0,11.0
2014-07-07,21.0,8.0
2014-07-08,7.0,2.0
2014-07-09,4.0,2.0
2014-07-10,6.0,3.0
2014-07-11,19.0,9.0
2014-07-12,25.0,13.0
2014-07-13,18.0,6.0
2014-07-14,17.0,6.0
2014-07-15,17.0,9.0
2014-07-16,21.0,8.0
2014-07-17,26.0,13.0
2014-07-18,28.0,14.0
2014-07-19,23.0,12.0
2014-07-20,21.0,8.0
2014-07-21,12.0,6.0
2014-07-22,15.0,8.0
2014-07-23,15.0,7.0
2014-07-24,13.0,9.0
2014-07-25,20.0,12.0
2014-07-26,13.0,8.0
2014-07-27,9.0,5.0
2014-07-28,17.0,7.0
2014-07-29,20.0,9.0
2014-07-30,9.0,2.0
2014-07-31,15.0,5.0
2014-08-01,16.0,9.0
2014-08-02,23.0,13.0
2014-08-03,20.0,10.0
2014-08-04,21.0,11.0
2014-08-05,17.0,9.0
2014-08-06,15.0,9.0
2014-08-07,17.0,8.0
2014-08-08,20.0,9.0
2014-08-09,22.0,11.0
2014-08-10,20.0,12.0
2014-08-11,22.0,11.0
2014-08-12,19.0,9.0
2014-08-13,15.0,5.0
2014-08-14,12.0,2.0
2014-08-15,12.0,6.0
2014-08-16,10.0,6.0
2014-08-17,8.0,6.0
2014-08-18,13.0,6.0
2014-08-19,18.0,8.0
2014-08-20,25.0,11.8
2014-08-21,18.0,9.0
2014-08-22,21.2,8.0
2014-08-23,16.0,10.0
2014-08-24,19.0,12.0
2014-08-25,14.0,6.0
2014-08-26,27.0,13.0
2014-08-27,38.0,21.0
2014-08-28,25.0,8.0
2014-08-29,29.0,12.0
2014-08-30,27.0,12.0
2014-08-31,22.0,11.0
2014-09-01,5.0,2.0
2014-09-02,7.0,5.0
2014-09-03,7.0,5.0
2014-09-04,22.0,12.0
2014-09-05,36.0,21.0
2014-09-06,29.0,17.0
2014-09-07,29.0,16.0
2014-09-08,34.0,18.0
2014-09-09,34.0,20.0
2014-09-10,15.0,10.0
2014-09-11,9.0,4.0
2014-09-12,8.0,4.0
2014-09-13,20.0,13.0
2014-09-14,23.0,13.0
2014-09-15,28.0,17.0
2014-09-16,34.0,20.0
2014-09-17,31.8,19.1
2014-09-18,38.0,23.0
2014-09-19,61.0,37.0
2014-09-20,64.0,38.0
2014-09-21,37.0,15.0
2014-09-22,16.0,8.0
2014-09-23,23.0,12.0
2014-09-24,23.0,15.0
2014-09-25,38.0,25.0
2014-09-26,48.0,29.0
2014-09-27,68.0,43.0
2014-09-28,64.0,35.0
2014-09-29,52.0,27.0
2014-09-30,46.0,23.0
2014-10-01,41.0,25.0
2014-10-02,29.0,12.0
2014-10-03,25.0,12.0
2014-10-04,30.0,16.0
2014-10-05,25.0,14.0
2014-10-06,35.0,21.0
2014-10-07,60.0,40.0
2014-10-08,63.0,41.0
2014-10-09,58.0,33.0
2014-10-10,63.0,32.0
2014-10-11,53.0,23.0
2014-10-12,36.0,17.0
2014-10-13,26.0,9.0
2014-10-14,22.0,10.0
2014-10-15,44.0,19.0
2014-10-16,48.0,19.0
2014-10-17,61.0,31.0
2014-10-18,83.0,43.0
2014-10-19,78.0,40.0
2014-10-20,46.0,22.0
2014-10-21,45.0,14.0
2014-10-22,14.0,4.0
2014-10-23,9.0,4.0
2014-10-24,29.0,11.0
2014-10-25,32.0,21.0
2014-10-26,34.0,24.0
2014-10-27,31.8,19.1
2014-10-28,33.0,25.0
2014-10-29,44.0,32.0
2014-10-30,67.0,49.0
2014-10-31,96.0,68.0
2014-11-01,98.0,66.0
2014-11-02,48.0,27.0
2014-11-03,60.0,35.0
2014-11-04,58.0,32.0
2014-11-05,21.0,3.0
2014-11-06,12.0,2.0
2014-11-07,35.0,17.0
2014-11-08,41.0,24.0
2014-11-09,45.0,25.0
2014-11-10,25.0,12.0
2014-11-11,29.0,14.0
2014-11-12,30.0,12.0
2014-11-13,13.0,4.0
2014-11-14,30.0,14.0
2014-11-15,24.0,13.0
2014-11-16,13.0,7.0
2014-11-17,20.0,10.0
2014-11-18,22.0,12.0
2014-11-19,40.0,25.0
2014-11-20,35.0,21.0
2014-11-21,51.0,34.0
2014-11-22,64.0,46.0
2014-11-23,86.0,66.0
2014-11-24,99.0,70.0
2014-11-25,91.0,65.0
2014-11-26,44.0,30.0
2014-11-27,53.0,30.0
2014-11-28,32.8,23.0
2014-11-29,33.0,19.0
2014-11-30,21.0,14.0
2014-12-01,14.0,8.0
2014-12-02,29.0,10.0
2014-12-03,16.0,6.0
2014-12-04,19.0,13.0
2014-12-05,27.0,18.0
2014-12-06,36.0,23.0
2014-12-07,17.0,10.0
2014-12-08,22.0,12.0
2014-12-09,26.0,17.0
2014-12-10,32.0,20.0
2014-12-11,45.0,28.0
2014-12-12,47.0,31.0
2014-12-13,79.0,58.0
2014-12-14,79.0,61.0
2014-12-15,74.0,56.0
2014-12-16,37.0,24.0
2014-12-17,28.0,15.0
2014-12-18,36.0,19.0
2014-12-19,43.0,26.0
2014-12-20,39.0,24.0
2014-12-21,29.0,19.0
2014-12-22,25.0,16.0
2014-12-23,24.0,13.0
2014-12-24,26.0,16.0
2014-12-25,54.0,37.0
2014-12-26,38.0,25.0
2014-12-27,19.0,16.0
2014-12-28,25.0,20.0
2014-12-29,31.0,23.0
2014-12-30,34.0,23.0
2014-12-31,51.0,39.0
2015-01-01,48.0,37.0
2015-01-02,45.0,32.0
2015-01-03,54.0,40.0
2015-01-04,45.0,32.0
2015-01-05,21.0,11.0
2015-01-06,58.0,40.0
2015-01-07,80.0,57.0
2015-01-08,92.0,68.0
2015-01-09,78.0,57.0
2015-01-10,76.0,54.0
2015-01-11,44.0,19.0
2015-01-12,19.0,9.0
2015-01-13,45.0,27.0
2015-01-14,66.0,44.0
2015-01-15,76.0,53.0
2015-01-16,88.0,60.0
2015-01-17,30.0,14.0
2015-01-18,32.0,21.0
2015-01-19,39.0,22.0
2015-01-20,59.0,43.0
2015-01-21,55.0,39.0
2015-01-22,29.0,19.0
2015-01-23,39.0,23.0
2015-01-24,35.0,21.0
2015-01-25,32.0,23.0
2015-01-26,31.0,19.0
2015-01-27,36.0,24.0
2015-01-28,24.0,16.0
2015-01-29,28.0,20.0
2015-01-30,17.0,12.0
2015-01-31,25.0,18.0
2015-02-01,45.0,32.0
2015-02-02,28.0,19.0
2015-02-03,63.0,47.0
2015-02-04,41.8,30.0
2015-02-05,10.0,10.0
2015-02-06,8.0,9.0
2015-02-07,31.0,26.0
2015-02-08,38.0,30.0
2015-02-09,56.0,41.0
2015-02-10,61.0,47.0
2015-02-11,85.0,68.0
2015-02-12,91.0,71.0
2015-02-13,128.0,95.0
2015-02-14,142.0,91.0
2015-02-15,38.0,16.0
2015-02-16,38.0,27.0
2015-02-17,61.0,43.0
2015-02-18,57.0,39.0
2015-02-19,51.0,34.0
2015-02-20,51.0,34.0
2015-02-21,71.0,52.0
2015-02-22,15.0,8.0
2015-02-23,24.0,12.0
2015-02-24,25.0,16.0
2015-02-25,13.0,6.0
2015-02-26,26.0,12.0
2015-02-27,35.0,21.0
2015-02-28,51.0,34.0
2015-03-01,34.0,23.0
2015-03-02,52.0,35.0
2015-03-03,47.0,32.0
2015-03-04,54.0,38.0
2015-03-05,12.0,6.0
2015-03-06,20.0,13.0
2015-03-07,27.0,16.0
2015-03-08,30.0,20.0
2015-03-09,32.0,20.0
2015-03-10,48.0,32.0
2015-03-11,63.0,42.0
2015-03-12,41.0,27.0
2015-03-13,31.0,18.0
2015-03-14,42.0,28.0
2015-03-15,39.0,28.0
2015-03-16,36.0,27.0
2015-03-17,38.0,25.0
2015-03-18,54.0,34.0
2015-03-19,57.0,37.0
2015-03-20,65.0,41.0
2015-03-21,47.0,32.0
2015-03-22,31.0,20.0
2015-03-23,46.0,32.0
2015-03-24,55.0,39.0
2015-03-25,20.0,9.0
2015-03-26,18.0,9.0
2015-03-27,21.0,10.0
2015-03-28,16.0,10.0
2015-03-29,21.0,14.0
2015-03-30,25.0,15.0
2015-03-31,17.0,8.0
2015-04-01,13.0,7.0
2015-04-02,15.0,9.0
2015-04-03,19.0,12.0
2015-04-04,13.0,9.0
2015-04-05,13.0,8.0
2015-04-06,17.0,13.0
2015-04-07,17.0,13.0
2015-04-08,24.0,18.0
2015-04-09,37.0,26.0
2015-04-10,50.0,31.0
2015-04-11,41.0,23.0
2015-04-12,34.0,18.0
2015-04-13,38.0,16.0
2015-04-14,44.0,22.0
2015-04-15,37.0,17.0
2015-04-16,24.0,11.0
2015-04-17,20.0,8.0
2015-04-18,22.0,11.0
2015-04-19,13.0,9.0
2015-04-20,20.0,14.0
2015-04-21,28.0,18.0
2015-04-22,22.0,9.0
2015-04-23,21.0,8.0
2015-04-24,30.0,12.0
2015-04-25,46.0,24.0
2015-04-26,37.0,21.0
2015-04-27,18.0,5.0
2015-04-28,13.0,3.0
2015-04-29,13.0,4.0
2015-04-30,21.0,10.0
2015-05-01,15.0,8.0
2015-05-02,24.0,16.0
2015-05-03,37.0,21.0
2015-05-04,47.0,24.0
2015-05-05,45.0,25.0
2015-05-06,48.0,25.0
2015-05-07,41.0,18.0
2015-05-08,27.0,15.0
2015-05-09,20.0,11.0
2015-05-10,19.0,12.0
2015-05-11,28.0,17.0
2015-05-12,27.0,11.0
2015-05-13,28.0,12.0
2015-05-14,29.0,9.0
2015-05-15,23.0,7.0
2015-05-16,13.0,6.0
2015-05-17,25.0,14.0
2015-05-18,28.0,16.0
2015-05-19,22.0,10.0
2015-05-20,21.2,8.0
2015-05-21,19.8,7.0
2015-05-22,18.8,9.0
2015-05-23,19.4,6.0
2015-05-24,17.8,5.0
2015-05-25,6.8,1.0
2015-05-26,17.8,5.0
2015-05-27,8.0,4.0
2015-05-28,15.0,8.0
2015-05-29,14.0,9.0
2015-05-30,23.0,11.0
2015-05-31,26.0,11.0
2015-06-01,28.0,11.0
2015-06-02,32.0,12.0
2015-06-03,33.0,18.8
2015-06-04,39.0,23.8
2015-06-05,38.0,22.0
2015-06-06,35.0,21.0
2015-06-07,35.0,23.0
2015-06-08,44.0,21.0
2015-06-09,29.0,11.0
2015-06-10,32.0,16.0
2015-06-11,33.0,19.0
2015-06-12,37.0,22.0
2015-06-13,37.0,21.0
2015-06-14,32.0,18.0
2015-06-15,21.0,9.0
2015-06-16,22.0,9.0
2015-06-17,22.0,11.0
2015-06-18,29.0,11.0
2015-06-19,31.0,19.0
2015-06-20,15.0,9.0
2015-06-21,14.0,8.0
2015-06-22,21.0,10.0
2015-06-23,28.0,10.0
2015-06-24,12.0,5.0
2015-06-25,17.0,7.0
2015-06-26,26.0,14.0
2015-06-27,28.0,14.0
2015-06-28,26.0,8.0
2015-06-29,31.0,8.0
2015-06-30,34.0,11.0
2015-07-01,38.0,16.0
2015-07-02,32.2,19.0
2015-07-03,36.0,21.0
2015-07-04,32.8,17.0
2015-07-05,32.8,23.0
2015-07-06,40.6,27.0
2015-07-07,38.4,22.0
2015-07-08,24.8,16.0
2015-07-09,21.8,12.0
2015-07-10,22.6,10.0
2015-07-11,27.8,14.0
2015-07-12,24.8,16.0
2015-07-13,27.6,18.0
2015-07-14,24.8,16.0
2015-07-15,34.0,16.0
2015-07-16,33.0,19.0
2015-07-17,26.0,18.0
2015-07-18,30.0,17.0
2015-07-19,23.0,14.0
2015-07-20,23.0,15.0
2015-07-21,34.0,19.0
2015-07-22,32.0,18.0
2015-07-23,20.0,11.0
2015-07-24,27.0,15.0
2015-07-25,24.0,11.0
2015-07-26,20.0,5.0
2015-07-27,21.0,6.0
2015-07-28,23.0,9.0
2015-07-29,26.0,10.0
2015-07-30,21.0,9.0
2015-07-31,17.0,8.0
2015-08-01,18.0,10.0
2015-08-02,19.0,15.0
2015-08-03,21.0,15.0
2015-08-04,22.0,12.0
2015-08-05,29.0,17.0
2015-08-06,32.0,21.0
2015-08-07,41.0,28.0
2015-08-08,40.0,28.0
2015-08-09,33.0,22.0
2015-08-10,21.0,11.0
2015-08-11,27.0,17.0
2015-08-12,34.0,26.0
2015-08-13,35.0,25.0
2015-08-14,40.0,29.0
2015-08-15,16.0,8.0
2015-08-16,7.0,2.0
2015-08-17,12.0,5.0
2015-08-18,19.0,9.0
2015-08-19,10.0,8.0
2015-08-20,13.0,9.0
2015-08-21,16.0,9.0
2015-08-22,18.0,12.0
2015-08-23,21.0,14.0
2015-08-24,19.0,11.0
2015-08-25,14.0,9.0
2015-08-26,22.0,9.0
2015-08-27,26.0,13.0
2015-08-28,26.0,14.0
2015-08-29,29.0,16.0
2015-08-30,26.0,15.0
2015-08-31,21.0,14.0
2015-09-01,25.0,13.0
2015-09-02,19.0,11.0
2015-09-03,17.0,6.0
2015-09-04,15.0,7.0
2015-09-05,14.0,9.0
2015-09-06,21.0,11.0
2015-09-07,22.0,11.0
2015-09-08,24.0,13.0
2015-09-09,19.0,10.0
2015-09-10,23.0,12.0
2015-09-11,30.0,17.0
2015-09-12,27.0,16.0
2015-09-13,30.0,18.0
2015-09-14,15.0,7.0
2015-09-15,14.0,4.0
2015-09-16,37.0,14.0
2015-09-17,35.0,19.0
2015-09-18,31.8,19.1
2015-09-19,13.0,4.0
2015-09-20,14.0,6.0
2015-09-21,17.0,7.0
2015-09-22,17.0,9.0
2015-09-23,15.0,7.0
2015-09-24,8.0,6.0
2015-09-25,15.0,13.0
2015-09-26,21.0,17.0
2015-09-27,22.0,16.0
2015-09-28,19.0,11.0
2015-09-29,23.0,12.0
2015-09-30,22.0,12.0
2015-10-01,18.0,13.0
2015-10-02,23.0,17.0
2015-10-03,27.0,18.0
2015-10-04,24.0,19.0
2015-10-05,31.0,24.0
2015-10-06,22.0,14.0
2015-10-07,32.0,21.0
2015-10-08,18.0,11.0
2015-10-09,19.0,10.0
2015-10-10,21.0,12.0
2015-10-11,13.0,8.0
2015-10-12,22.0,16.0
2015-10-13,19.0,12.0
2015-10-14,17.0,9.0
2015-10-15,12.0,5.0
2015-10-16,11.0,7.0
2015-10-17,31.0,25.0
2015-10-18,41.0,37.0
2015-10-19,33.0,26.0
2015-10-20,25.0,18.0
2015-10-21,22.0,16.0
2015-10-22,27.0,21.0
2015-10-23,29.0,24.0
2015-10-24,48.0,39.0
2015-10-25,48.0,40.0
2015-10-26,57.0,45.0
2015-10-27,54.0,46.0
2015-10-28,47.0,39.0
2015-10-29,23.0,17.0
2015-10-30,29.0,18.0
2015-10-31,38.0,27.0
2015-11-01,38.0,32.0
2015-11-02,34.0,27.0
2015-11-03,42.0,39.0
2015-11-04,32.0,25.0
2015-11-05,37.0,28.0
2015-11-06,28.0,14.0
2015-11-07,44.0,36.0
2015-11-08,40.0,31.0
2015-11-09,29.0,21.0
2015-11-10,25.0,17.0
2015-11-11,31.8,19.1
2015-11-12,36.0,26.0
2015-11-13,53.0,35.0
2015-11-14,53.0,42.0
2015-11-15,42.0,31.0
2015-11-16,33.0,24.0
2015-11-17,31.0,23.0
2015-11-18,29.0,18.0
2015-11-19,40.0,25.0
2015-11-20,36.0,22.0
2015-11-21,23.0,8.0
2015-11-22,6.0,3.0
2015-11-23,18.0,16.0
2015-11-24,31.0,28.0
2015-11-25,32.0,28.0
2015-11-26,50.0,46.0
2015-11-27,25.0,18.0
2015-11-28,34.0,31.0
2015-11-29,53.0,47.0
2015-11-30,54.0,46.0
2015-12-01,86.0,79.0
2015-12-02,73.0,63.0
2015-12-03,34.0,28.0
2015-12-04,23.0,20.0
2015-12-05,37.0,31.0
2015-12-06,31.0,28.0
2015-12-07,56.0,52.0
2015-12-08,63.0,51.0
2015-12-09,22.0,14.0
2015-12-10,20.0,13.0
2015-12-11,23.0,17.0
2015-12-12,34.0,27.0
2015-12-13,52.0,49.0
2015-12-14,68.0,65.0
2015-12-15,82.0,75.0
2015-12-16,83.0,76.0
2015-12-17,69.0,62.0
2015-12-18,62.0,53.0
2015-12-19,52.0,43.0
2015-12-20,44.0,33.0
2015-12-21,56.0,46.0
2015-12-22,62.0,50.0
2015-12-23,60.0,54.0
2015-12-24,39.0,34.0
2015-12-25,57.0,45.0
2015-12-26,32.0,23.0
2015-12-27,15.0,13.0
2015-12-28,13.0,10.0
2015-12-29,23.0,19.0
2015-12-30,37.0,31.0
2015-12-31,38.0,34.0
2016-01-01,46.0,32.8
2016-01-02,34.0,20.8
2016-01-03,21.0,8.4
2016-01-04,25.0,11.8
2016-01-05,32.0,12.4
2016-01-06,33.0,18.8
2016-01-07,26.0,14.4
2016-01-08,52.0,40.8
2016-01-09,41.0,24.4
2016-01-10,29.0,18.2
2016-01-11,32.0,12.4
2016-01-12,19.0,9.0
2016-01-13,7.0,2.2
2016-01-14,18.0,9.0
2016-01-15,18.0,9.0
2016-01-16,21.0,8.4
2016-01-17,11.0,4.0
2016-01-18,23.0,12.0
2016-01-19,37.0,21.6
2016-01-20,53.0,41.8
2016-01-21,64.0,44.2
2016-01-22,80.0,59.0
2016-01-23,79.0,58.8
2016-01-24,81.0,63.6
2016-01-25,66.0,49.4
2016-01-26,44.0,30.4
2016-01-27,49.0,35.4
2016-01-28,98.0,71.8
2016-01-29,71.0,49.6
2016-01-30,104.0,79.8
2016-01-31,48.0,37.8
2016-02-01,46.0,32.8
2016-02-02,37.0,21.6
2016-02-03,42.0,26.4
2016-02-04,12.0,4.4
2016-02-05,30.0,16.4
2016-02-06,45.0,30.4
2016-02-07,41.0,24.4
2016-02-08,25.0,11.8
2016-02-09,35.0,15.2
2016-02-10,7.0,2.2
2016-02-11,15.0,5.8
2016-02-12,24.0,10.6
2016-02-13,33.0,18.8
2016-02-14,40.0,26.8
2016-02-15,33.0,18.8
2016-02-16,13.0,6.0
2016-02-17,9.0,2.6
2016-02-18,31.8,19.1
2016-02-19,22.0,11.0
2016-02-20,23.0,12.0
2016-02-21,21.0,8.4
2016-02-22,41.0,24.4
2016-02-23,64.0,44.2
2016-02-24,34.0,20.8
2016-02-25,25.0,11.8
2016-02-26,43.0,32.2
2016-02-27,21.0,8.4
2016-02-28,16.0,8.8
2016-02-29,13.0,6.0
2016-03-01,26.0,14.4
2016-03-02,23.0,12.0
2016-03-03,7.0,2.2
2016-03-04,21.0,8.4
2016-03-05,15.0,5.8
2016-03-06,32.0,12.4
2016-03-07,31.0,18.8
2016-03-08,18.0,9.0
2016-03-09,15.0,5.8
2016-03-10,31.0,18.8
2016-03-11,26.0,14.4
2016-03-12,31.0,18.8
2016-03-13,28.0,13.0
2016-03-14,24.0,10.6
2016-03-15,25.0,11.8
2016-03-16,22.0,11.0
2016-03-17,36.0,19.4
2016-03-18,32.0,12.4
2016-03-19,19.0,9.0
2016-03-20,17.0,7.8
2016-03-21,28.0,13.0
2016-03-22,34.0,20.8
2016-03-23,23.0,12.0
2016-03-24,22.0,11.0
2016-03-25,36.0,19.4
2016-03-26,40.0,26.8
2016-03-27,42.0,26.4
2016-03-28,28.0,13.0
2016-03-29,19.0,9.0
2016-03-30,17.0,7.8
2016-03-31,34.0,20.8
2016-04-01,46.0,32.8
2016-04-02,48.0,37.8
2016-04-03,33.0,18.8
2016-04-04,46.0,32.8
2016-04-05,48.0,37.8
2016-04-06,66.0,49.4
2016-04-07,51.0,32.0
2016-04-08,57.0,42.4
2016-04-09,23.0,12.0
2016-04-10,22.0,11.0
2016-04-11,19.0,9.0
2016-04-12,24.0,10.6
2016-04-13,25.0,11.8
2016-04-14,14.0,5.4
2016-04-15,17.0,7.8
2016-04-16,27.0,12.2
2016-04-17,35.0,15.2
2016-04-18,20.0,11.2
2016-04-19,18.0,9.0
2016-04-20,23.0,12.0
2016-04-21,30.0,16.4
2016-04-22,19.0,9.0
2016-04-23,9.0,2.6
2016-04-24,4.0,2.0
2016-04-25,3.0,2.0
2016-04-26,11.0,4.0
2016-04-27,20.0,11.2
2016-04-28,20.0,11.2
2016-04-29,22.0,11.0
2016-04-30,23.0,12.0
2016-05-01,10.0,6.8
2016-05-02,11.0,4.0
2016-05-03,9.0,2.6
2016-05-04,13.0,6.0
2016-05-05,12.0,4.4
2016-05-06,23.0,12.0
2016-05-07,20.0,11.2
2016-05-08,20.0,11.2
2016-05-09,30.0,16.4
2016-05-10,51.0,32.0
2016-05-11,32.0,12.4
2016-05-12,3.0,2.0
2016-05-13,8.0,4.2
2016-05-14,12.0,4.4
2016-05-15,11.0,4.0
2016-05-16,15.0,5.8
2016-05-17,15.0,5.8
2016-05-18,16.0,8.8
2016-05-19,31.8,19.1
2016-05-20,31.8,19.1
2016-05-21,11.0,4.0
2016-05-22,10.0,6.8
2016-05-23,8.0,4.2
2016-05-24,6.0,2.8
2016-05-25,15.0,5.8
2016-05-26,22.0,11.0
2016-05-27,29.0,18.2
2016-05-28,27.0,12.2
2016-05-29,22.0,11.0
2016-05-30,13.0,6.0
2016-05-31,12.0,4.4
2016-06-01,10.0,6.8
2016-06-02,15.0,5.8
2016-06-03,13.0,6.0
2016-06-04,21.0,8.4
2016-06-05,17.0,7.8
2016-06-06,17.0,7.8
2016-06-07,21.0,8.4
2016-06-08,23.0,12.0
2016-06-09,18.0,9.0
2016-06-10,16.0,8.8
2016-06-11,13.0,6.0
2016-06-12,9.0,2.6
2016-06-13,12.0,4.4
2016-06-14,13.0,6.0
2016-06-15,11.0,4.0
2016-06-16,21.0,8.4
2016-06-17,15.0,5.8
2016-06-18,19.0,9.0
2016-06-19,16.0,8.8
2016-06-20,13.0,6.0
2016-06-21,18.0,9.0
2016-06-22,22.0,11.0
2016-06-23,28.0,13.0
2016-06-24,37.0,21.6
2016-06-25,31.0,18.8
2016-06-26,22.0,11.0
2016-06-27,20.0,11.2
2016-06-28,24.0,10.6
2016-06-29,24.0,10.6
2016-06-30,25.0,11.8
2016-07-01,26.0,14.4
2016-07-02,26.0,14.4
2016-07-03,29.0,18.2
2016-07-04,21.0,8.4
2016-07-05,26.0,14.4
2016-07-06,29.0,18.2
2016-07-07,25.0,11.8
2016-07-08,23.0,12.0
2016-07-09,26.0,14.4
2016-07-10,28.0,13.0
2016-07-11,25.0,11.8
2016-07-12,24.0,10.6
2016-07-13,23.0,12.0
2016-07-14,13.0,6.0
2016-07-15,14.0,5.4
2016-07-16,16.0,8.8
2016-07-17,21.0,8.4
2016-07-18,24.0,10.6
2016-07-19,30.0,16.4
2016-07-20,31.0,18.8
2016-07-21,24.0,10.6
2016-07-22,28.0,13.0
2016-07-23,31.0,18.8
2016-07-24,25.0,11.8
2016-07-25,31.0,18.8
2016-07-26,28.0,13.0
2016-07-27,25.0,11.8
2016-07-28,12.0,4.4
2016-07-29,21.0,8.4
2016-07-30,24.0,10.6
2016-07-31,20.0,11.2
2016-08-01,16.0,8.8
2016-08-02,18.0,9.0
2016-08-03,26.0,14.4
2016-08-04,28.0,13.0
2016-08-05,14.0,5.4
2016-08-06,10.0,6.8
2016-08-07,16.0,8.8
2016-08-08,20.0,11.2
2016-08-09,22.0,11.0
2016-08-10,10.0,6.8
2016-08-11,8.0,4.2
2016-08-12,14.0,5.4
2016-08-13,16.0,8.8
2016-08-14,19.0,9.0
2016-08-15,17.0,7.8
2016-08-16,18.0,9.0
2016-08-17,16.0,8.8
2016-08-18,19.0,9.0
2016-08-19,20.0,11.2
2016-08-20,20.0,11.2
2016-08-21,25.0,11.8
2016-08-22,15.0,5.8
2016-08-23,17.0,7.8
2016-08-24,21.0,8.4
2016-08-25,25.0,11.8
2016-08-26,24.0,10.6
2016-08-27,24.0,10.6
2016-08-28,26.0,14.4
2016-08-29,28.0,13.0
2016-08-30,23.0,12.0
2016-08-31,22.0,11.0
2016-09-01,25.0,11.8
2016-09-02,27.0,12.2
2016-09-03,26.0,14.4
2016-09-04,27.0,12.2
2016-09-05,29.0,18.2
2016-09-06,19.0,9.0
2016-09-07,26.0,14.4
2016-09-08,32.0,12.4
2016-09-09,34.0,20.8
2016-09-10,44.0,30.4
2016-09-11,31.8,19.1
2016-09-12,31.8,19.1
2016-09-13,37.0,21.6
2016-09-14,37.0,21.6
2016-09-15,35.0,15.2
2016-09-16,21.0,8.4
2016-09-17,24.0,10.6
2016-09-18,13.0,6.0
2016-09-19,10.0,6.8
2016-09-20,16.0,8.8
2016-09-21,19.0,9.0
2016-09-22,28.0,13.0
2016-09-23,24.0,10.6
2016-09-24,21.0,8.4
2016-09-25,21.0,8.4
2016-09-26,23.0,12.0
2016-09-27,27.0,12.2
2016-09-28,39.0,23.8
2016-09-29,39.0,23.8
2016-09-30,19.0,9.0
2016-10-01,18.0,9.0
2016-10-02,28.0,13.0
2016-10-03,22.0,11.0
2016-10-04,21.0,8.4
2016-10-05,20.0,11.2
2016-10-06,11.0,4.0
2016-10-07,22.0,11.0
2016-10-08,26.0,14.4
2016-10-09,16.0,8.8
2016-10-10,15.0,5.8
2016-10-11,12.0,4.4
2016-10-12,21.0,8.4
2016-10-13,45.0,30.4
2016-10-14,19.0,9.0
2016-10-15,22.0,11.0
2016-10-16,26.0,14.4
2016-10-17,41.0,24.4
2016-10-18,45.0,30.4
2016-10-19,49.0,35.4
2016-10-20,19.0,9.0
2016-10-21,17.0,7.8
2016-10-22,26.0,14.4
2016-10-23,41.0,24.4
2016-10-24,38.0,28.0
2016-10-25,49.0,35.4
2016-10-26,44.0,30.4
2016-10-27,24.0,10.6
2016-10-28,27.0,12.2
2016-10-29,44.0,30.4
2016-10-30,57.0,42.4
2016-10-31,78.0,47.6
2016-11-01,61.0,41.8
2016-11-02,59.0,42.8
2016-11-03,75.0,53.8
2016-11-04,24.0,10.6
2016-11-05,23.0,12.0
2016-11-06,19.0,9.0
2016-11-07,12.0,4.4
2016-11-08,23.0,12.0
2016-11-09,39.0,23.8
2016-11-10,48.0,37.8
2016-11-11,56.0,36.0
2016-11-12,22.0,11.0
2016-11-13,29.0,18.2
2016-11-14,27.0,12.2
2016-11-15,31.8,19.1
2016-11-16,43.0,32.2
2016-11-17,69.0,52.0
2016-11-18,89.0,64.6
2016-11-19,93.0,71.0
2016-11-20,41.0,24.4
2016-11-21,53.0,41.8
2016-11-22,32.0,12.4
2016-11-23,44.0,30.4
2016-11-24,45.0,30.4
2016-11-25,37.0,21.6
2016-11-26,23.0,12.0
2016-11-27,13.0,6.0
2016-11-28,18.0,9.0
2016-11-29,15.0,5.8
2016-11-30,23.0,12.0
2016-12-01,38.0,28.0
2016-12-02,47.0,33.6
2016-12-03,48.0,37.8
2016-12-04,58.0,39.8
2016-12-05,60.0,39.4
2016-12-06,81.0,63.6
2016-12-07,48.0,37.8
2016-12-08,44.0,30.4
2016-12-09,54.0,31.8
2016-12-10,46.0,32.8
2016-12-11,51.0,32.0
2016-12-12,42.0,26.4
2016-12-13,24.0,10.6
2016-12-14,35.0,15.2
2016-12-15,35.0,15.2
2016-12-16,47.0,33.6
2016-12-17,35.0,15.2
2016-12-18,33.0,18.8
2016-12-19,49.0,35.4
2016-12-20,45.0,30.4
2016-12-21,36.0,19.4
2016-12-22,28.0,13.0
2016-12-23,33.0,18.8
2016-12-24,31.0,18.8
2016-12-25,33.0,18.8
2016-12-26,45.0,30.4
2016-12-27,30.0,16.4
2016-12-28,32.0,12.4
2016-12-29,48.0,37.8
2016-12-30,45.0,30.4
2016-12-31,42.0,26.4
2017-01-01,45.0,38.0
2017-01-02,70.0,64.0
2017-01-03,82.0,73.0
2017-01-04,53.0,46.0
2017-01-05,21.0,17.0
2017-01-06,17.0,14.0
2017-01-07,39.0,33.0
2017-01-08,58.0,39.8
2017-01-09,65.0,43.6
2017-01-10,74.0,46.6
2017-01-11,44.0,38.0
2017-01-12,59.0,52.0
2017-01-13,50.0,42.0
2017-01-14,17.0,12.0
2017-01-15,43.0,32.2
2017-01-16,30.0,16.4
2017-01-17,34.0,24.0
2017-01-18,34.0,26.0
2017-01-19,31.8,19.1
2017-01-20,42.0,26.4
2017-01-21,48.0,37.8
2017-01-22,66.0,49.4
2017-01-23,56.0,36.0
2017-01-24,49.0,35.4
2017-01-25,48.0,39.0
2017-01-26,48.0,41.0
2017-01-27,66.0,54.0
2017-01-28,84.0,69.0
2017-01-29,110.0,89.0
2017-01-30,124.0,105.0
2017-01-31,183.0,167.0
2017-02-01,180.0,159.0
2017-02-02,176.0,131.0
2017-02-03,88.0,55.0
2017-02-04,33.0,23.0
2017-02-05,19.0,11.0
2017-02-06,13.0,7.0
2017-02-07,17.0,10.0
2017-02-08,35.0,26.0
2017-02-09,42.0,33.0
2017-02-10,37.0,29.0
2017-02-11,54.0,47.0
2017-02-12,78.0,65.0
2017-02-13,69.0,57.0
2017-02-14,52.0,40.0
2017-02-15,42.0,32.0
2017-02-16,32.0,22.0
2017-02-17,47.0,32.0
2017-02-18,93.0,66.0
2017-02-19,62.0,40.0
2017-02-20,60.0,43.0
2017-02-21,49.0,36.0
2017-02-22,56.0,35.0
2017-02-23,68.0,46.0
2017-02-24,77.0,48.0
2017-02-25,18.0,9.0
2017-02-26,27.0,19.0
2017-02-27,45.0,30.0
2017-02-28,29.0,17.0
2017-03-01,12.0,6.0
2017-03-02,33.0,18.0
2017-03-03,44.0,28.0
2017-03-04,29.0,18.0
2017-03-05,7.0,0.0
2017-03-06,14.0,4.0
2017-03-07,13.0,8.0
2017-03-08,17.0,11.0
2017-03-09,30.0,19.0
2017-03-10,32.0,23.0
2017-03-11,17.0,10.0
2017-03-12,24.0,14.0
2017-03-13,35.0,22.0
2017-03-14,40.0,25.0
2017-03-15,60.0,39.0
2017-03-16,65.0,45.0
2017-03-17,53.0,32.0
2017-03-18,26.0,11.0
2017-03-19,58.0,35.0
2017-03-20,62.0,38.0
2017-03-21,69.0,44.0
2017-03-22,59.0,34.0
2017-03-23,49.0,30.0
2017-03-24,44.0,34.0
2017-03-25,40.0,27.0
2017-03-26,12.0,9.0
2017-03-27,18.0,16.0
2017-03-28,24.0,19.0
2017-03-29,29.0,20.0
2017-03-30,30.0,19.0
2017-03-31,46.0,23.0
2017-04-01,31.0,16.0
2017-04-02,44.0,21.0
2017-04-03,35.0,16.0
2017-04-04,31.0,20.0
2017-04-05,21.0,15.0
2017-04-06,30.0,23.0
2017-04-07,24.0,17.0
2017-04-08,38.0,25.0
2017-04-09,43.0,25.0
2017-04-10,42.0,21.0
2017-04-11,31.0,16.0
2017-04-12,33.0,15.0
2017-04-13,28.0,13.0
2017-04-14,35.0,16.0
2017-04-15,24.0,12.0
2017-04-16,12.0,8.0
2017-04-17,8.0,5.0
2017-04-18,10.0,8.0
2017-04-19,8.0,8.0
2017-04-20,11.0,12.0
2017-04-21,24.0,20.0
2017-04-22,22.0,14.0
2017-04-23,27.0,15.0
2017-04-24,31.0,12.0
2017-04-25,23.0,4.0
2017-04-26,29.0,12.0
2017-04-27,23.0,7.0
2017-04-28,8.0,3.0
2017-04-29,11.0,13.0
2017-04-30,16.0,16.0
2017-05-01,23.0,20.0
2017-05-02,11.0,8.0
2017-05-03,26.0,17.0
2017-05-04,19.0,9.0
2017-05-05,15.0,7.0
2017-05-06,31.0,19.0
2017-05-07,6.0,3.0
2017-05-08,12.0,5.0
2017-05-09,6.0,3.0
2017-05-10,31.8,19.1
2017-05-11,21.0,12.0
2017-05-12,31.0,18.0
2017-05-13,17.0,11.0
2017-05-14,17.0,7.8
2017-05-15,19.0,10.0
2017-05-16,19.0,10.0
2017-05-17,18.0,10.0
2017-05-18,19.0,10.0
2017-05-19,20.0,9.0
2017-05-20,12.0,3.0
2017-05-21,14.0,7.0
2017-05-22,19.0,12.0
2017-05-23,21.0,13.0
2017-05-24,23.0,11.0
2017-05-25,23.0,11.0
2017-05-26,20.0,10.0
2017-05-27,23.0,14.0
2017-05-28,25.0,14.0
2017-05-29,26.0,15.0
2017-05-30,24.0,12.0
2017-05-31,18.0,10.0
2017-06-01,20.0,11.0
2017-06-02,26.0,15.0
2017-06-03,21.0,11.0
2017-06-04,20.0,8.0
2017-06-05,16.0,5.0
2017-06-06,18.0,8.0
2017-06-07,21.0,13.0
2017-06-08,24.0,12.0
2017-06-09,29.0,15.0
2017-06-10,34.0,21.0
2017-06-11,25.0,14.0
2017-06-12,33.0,16.0
2017-06-13,33.0,16.0
2017-06-14,30.0,15.0
2017-06-15,22.0,12.0
2017-06-16,29.0,23.0
2017-06-17,24.0,18.0
2017-06-18,17.0,12.0
2017-06-19,19.0,12.0
2017-06-20,22.0,13.0
2017-06-21,22.0,11.0
2017-06-22,31.0,16.0
2017-06-23,28.0,14.0
2017-06-24,26.0,14.0
2017-06-25,23.0,11.0
2017-06-26,21.0,12.0
2017-06-27,26.0,13.0
2017-06-28,18.0,7.0
2017-06-29,11.0,5.0
2017-06-30,10.0,5.0
2017-07-01,15.0,8.0
2017-07-02,17.0,11.0
2017-07-03,16.0,11.0
2017-07-04,22.0,10.0
2017-07-05,21.0,8.0
2017-07-06,21.0,6.0
2017-07-07,17.0,6.0
2017-07-08,31.0,12.0
2017-07-09,35.0,10.0
2017-07-10,23.0,9.0
2017-07-11,21.0,10.0
2017-07-12,21.0,13.0
2017-07-13,23.0,13.0
2017-07-14,17.0,9.0
2017-07-15,14.0,9.0
2017-07-16,12.0,9.0
2017-07-17,16.0,12.0
2017-07-18,25.0,15.0
2017-07-19,23.0,13.0
2017-07-20,24.0,10.0
2017-07-21,29.0,13.0
2017-07-22,29.0,15.0
2017-07-23,27.0,10.0
2017-07-24,22.0,9.0
2017-07-25,14.0,5.0
2017-07-26,11.0,5.0
2017-07-27,16.0,10.0
2017-07-28,31.0,15.0
2017-07-29,29.0,17.0
2017-07-30,18.0,7.0
2017-07-31,27.0,12.0
2017-08-01,33.0,15.0
2017-08-02,36.0,17.0
2017-08-03,44.0,18.0
2017-08-04,39.0,19.0
2017-08-05,40.0,20.0
2017-08-06,30.0,15.0
2017-08-07,20.0,9.0
2017-08-08,21.0,12.0
2017-08-09,22.0,11.0
2017-08-10,17.0,8.0
2017-08-11,12.0,6.0
2017-08-12,8.0,7.0
2017-08-13,14.0,10.0
2017-08-14,16.0,10.0
2017-08-15,18.0,9.0
2017-08-16,25.0,9.0
2017-08-17,29.0,9.0
2017-08-18,25.0,8.0
2017-08-19,22.0,9.0
2017-08-20,12.0,4.0
2017-08-21,17.0,7.0
2017-08-22,23.0,11.0
2017-08-23,29.0,12.0
2017-08-24,34.0,12.0
2017-08-25,31.0,13.0
2017-08-26,31.0,12.0
2017-08-27,38.0,12.0
2017-08-28,31.8,19.1
2017-08-29,25.0,8.0
2017-08-30,33.0,11.0
2017-08-31,26.0,11.0
2017-09-01,17.0,13.0
2017-09-02,11.0,9.0
2017-09-03,6.0,8.0
2017-09-04,13.0,3.0
2017-09-05,22.0,11.0
2017-09-06,25.0,9.0
2017-09-07,21.0,10.0
2017-09-08,11.0,6.0
2017-09-09,17.0,7.8
2017-09-10,13.0,6.0
2017-09-11,14.0,5.4
2017-09-12,14.0,10.0
2017-09-13,18.0,15.0
2017-09-14,25.0,13.0
2017-09-15,29.0,19.0
2017-09-16,21.0,11.0
2017-09-17,10.0,6.8
2017-09-18,17.0,7.8
2017-09-19,6.0,2.8
2017-09-20,12.0,4.4
2017-09-21,14.0,9.0
2017-09-22,21.0,14.0
2017-09-23,20.0,9.0
2017-09-24,21.0,12.0
2017-09-25,15.0,8.0
2017-09-26,24.0,16.0
2017-09-27,29.0,19.0
2017-09-28,40.0,26.0
2017-09-29,38.0,22.0
2017-09-30,34.0,20.0
2017-10-01,35.0,25.0
2017-10-02,55.0,40.0
2017-10-03,70.0,54.0
2017-10-04,76.0,66.0
2017-10-05,46.0,36.0
2017-10-06,19.0,12.0
2017-10-07,12.0,3.0
2017-10-08,24.0,10.0
2017-10-09,34.0,17.0
2017-10-10,48.0,29.0
2017-10-11,58.0,38.0
2017-10-12,43.0,22.0
2017-10-13,75.0,46.0
2017-10-14,74.0,51.0
2017-10-15,50.0,31.0
2017-10-16,53.0,30.0
2017-10-17,65.0,40.0
2017-10-18,79.0,56.0
2017-10-19,86.0,58.0
2017-10-20,109.0,67.0
2017-10-21,118.0,78.0
2017-10-22,105.0,66.0
2017-10-23,11.0,5.0
2017-10-24,19.0,10.0
2017-10-25,35.0,23.0
2017-10-26,52.0,35.0
2017-10-27,62.0,45.0
2017-10-28,90.0,68.0
2017-10-29,43.0,29.0
2017-10-30,66.0,48.0
2017-10-31,46.0,27.0
2017-11-01,47.0,27.0
2017-11-02,57.0,36.0
2017-11-03,88.0,58.0
2017-11-04,118.0,93.0
2017-11-05,63.0,46.0
2017-11-06,6.0,2.0
2017-11-07,12.0,9.0
2017-11-08,21.0,15.0
2017-11-09,38.0,32.0
2017-11-10,43.0,33.0
2017-11-11,33.0,23.0
2017-11-12,32.0,22.0
2017-11-13,3.0,1.0
2017-11-14,15.0,10.0
2017-11-15,26.0,18.0
2017-11-16,31.0,25.0
2017-11-17,37.0,30.0
2017-11-18,43.0,33.0
2017-11-19,42.0,37.0
2017-11-20,55.0,47.0
2017-11-21,47.0,39.0
2017-11-22,69.0,57.0
2017-11-23,105.0,89.0
2017-11-24,93.0,76.0
2017-11-25,109.0,86.0
2017-11-26,13.0,10.0
2017-11-27,15.0,12.0
2017-11-28,27.0,22.0
2017-11-29,49.0,48.0
2017-11-30,33.0,26.0
2017-12-01,29.0,24.0
2017-12-02,24.0,21.0
2017-12-03,34.0,31.0
2017-12-04,35.0,29.0
2017-12-05,54.0,48.0
2017-12-06,45.0,35.0
2017-12-07,61.0,47.0
2017-12-08,86.0,78.0
2017-12-09,7.0,3.0
2017-12-10,12.0,9.0
2017-12-11,18.0,16.0
2017-12-12,40.0,37.0
2017-12-13,31.8,19.1
2017-12-14,41.0,35.0
2017-12-15,51.0,43.0
2017-12-16,38.0,30.0
2017-12-17,36.0,28.0
2017-12-18,35.0,28.0
2017-12-19,50.0,43.0
2017-12-20,61.0,57.0
2017-12-21,62.0,53.0
2017-12-22,66.0,60.0
2017-12-23,53.0,42.0
2017-12-24,40.0,34.0
2017-12-25,48.0,42.0
2017-12-26,104.0,89.0
2017-12-27,36.0,19.0
2017-12-28,8.0,2.0
2017-12-29,12.0,5.0
2017-12-30,26.0,22.0
2017-12-31,48.0,46.0
2018-01-01,53.0,48.0
2018-01-02,25.0,17.0
2018-01-03,22.0,14.0
2018-01-04,29.0,24.0
2018-01-05,48.0,41.0
2018-01-06,53.0,49.0
2018-01-07,52.0,35.0
2018-01-08,45.0,29.0
2018-01-09,34.0,17.0
2018-01-10,30.0,19.0
2018-01-11,35.0,29.0
2018-01-12,35.0,27.0
2018-01-13,42.0,34.0
2018-01-14,38.0,33.0
2018-01-15,51.0,44.0
2018-01-16,57.0,49.0
2018-01-17,28.0,18.0
2018-01-18,14.0,7.0
2018-01-19,33.0,21.0
2018-01-20,51.0,43.0
2018-01-21,44.0,40.0
2018-01-22,43.0,37.0
2018-01-23,56.0,48.0
2018-01-24,63.0,58.0
2018-01-25,77.0,69.0
2018-01-26,110.0,86.0
2018-01-27,62.0,51.0
2018-01-28,36.0,27.0
2018-01-29,38.0,29.0
2018-01-30,32.0,24.0
2018-01-31,40.0,33.0
2018-02-01,45.0,27.0
2018-02-02,17.0,9.0
2018-02-03,4.0,1.0
2018-02-04,19.0,15.0
2018-02-05,36.0,37.0
2018-02-06,33.0,35.0
2018-02-07,27.0,26.0
2018-02-08,28.0,19.0
2018-02-09,30.0,20.0
2018-02-10,56.0,49.0
2018-02-11,40.0,36.0
2018-02-12,42.0,39.0
2018-02-13,19.0,17.0
2018-02-14,34.0,31.0
2018-02-15,31.8,19.1
2018-02-16,56.0,52.0
2018-02-17,77.0,78.0
2018-02-18,24.0,24.0
2018-02-19,16.0,15.0
2018-02-20,25.0,20.0
2018-02-21,23.0,19.0
2018-02-22,20.0,16.0
2018-02-23,18.0,14.0
2018-02-24,27.0,23.0
2018-02-25,23.0,20.0
2018-02-26,24.0,20.0
2018-02-27,32.0,30.0
2018-02-28,35.0,15.2
2018-03-01,55.0,35.8
2018-03-02,57.0,42.4
2018-03-03,56.0,36.0
2018-03-04,34.0,20.8
2018-03-05,49.0,35.4
2018-03-06,35.0,15.2
2018-03-07,36.0,28.0
2018-03-08,28.0,19.0
2018-03-09,35.0,20.0
2018-03-10,38.0,22.0
2018-03-11,34.0,22.0
2018-03-12,27.0,15.0
2018-03-13,29.0,14.0
2018-03-14,19.0,6.0
2018-03-15,26.0,13.0
2018-03-16,24.0,15.0
2018-03-17,22.0,14.0
2018-03-18,9.0,4.0
2018-03-19,8.0,5.0
2018-03-20,28.0,23.0
2018-03-21,30.0,23.0
2018-03-22,29.0,24.0
2018-03-23,27.0,19.0
2018-03-24,26.0,20.0
2018-03-25,30.0,24.0
2018-03-26,43.0,30.0
2018-03-27,39.0,28.0
2018-03-28,47.0,31.0
2018-03-29,42.0,25.0
2018-03-30,32.0,14.0
2018-03-31,9.0,0.0
2018-04-01,8.0,4.0
2018-04-02,17.0,8.0
2018-04-03,33.0,18.0
2018-04-04,33.0,17.0
2018-04-05,36.0,20.0
2018-04-06,34.0,19.0
2018-04-07,28.0,15.0
2018-04-08,22.0,12.0
2018-04-09,20.0,12.0
2018-04-10,17.0,8.0
2018-04-11,24.0,10.0
2018-04-12,30.0,11.0
2018-04-13,15.0,6.0
2018-04-14,30.0,14.0
2018-04-15,33.0,19.0
2018-04-16,34.0,15.0
2018-04-17,47.0,15.0
2018-04-18,27.0,14.0
2018-04-19,33.0,18.0
2018-04-20,30.0,15.0
2018-04-21,28.0,14.0
2018-04-22,27.0,11.0
2018-04-23,34.0,13.0
2018-04-24,34.0,13.0
2018-04-25,35.0,12.0
2018-04-26,36.0,14.0
2018-04-27,34.0,11.0
2018-04-28,35.0,16.0
2018-04-29,32.0,13.0
2018-04-30,17.0,6.0
2018-05-01,14.0,5.0
2018-05-02,13.0,8.0
2018-05-03,26.0,15.0
2018-05-04,31.0,9.0
2018-05-05,32.0,9.0
2018-05-06,33.0,16.0
2018-05-07,32.0,15.0
2018-05-08,22.0,11.0
2018-05-09,31.8,19.1
2018-05-10,22.0,13.0
2018-05-11,20.0,15.0
2018-05-12,19.0,13.0
2018-05-13,14.0,9.0
2018-05-14,3.0,1.0
2018-05-15,8.0,5.0
2018-05-16,14.0,8.0
2018-05-17,14.0,8.0
2018-05-18,19.0,8.0
2018-05-19,19.0,9.0
2018-05-20,20.0,9.0
2018-05-21,20.0,8.0
2018-05-22,22.0,9.0
2018-05-23,22.0,8.0
2018-05-24,22.0,8.0
2018-05-25,24.0,11.0
2018-05-26,28.0,14.0
2018-05-27,27.0,13.0
2018-05-28,28.0,12.0
2018-05-29,23.0,9.0
2018-05-30,30.0,12.0
2018-05-31,32.0,14.0
2018-06-01,17.0,8.0
2018-06-02,15.0,7.0
2018-06-03,18.0,11.0
2018-06-04,25.0,11.0
2018-06-05,15.0,6.0
2018-06-06,17.0,6.0
2018-06-07,19.8,7.0
2018-06-08,31.8,19.1
2018-06-09,12.0,4.0
2018-06-10,15.0,5.0
2018-06-11,26.0,8.0
2018-06-12,19.0,10.0
2018-06-13,18.0,7.0
2018-06-14,11.0,5.0
2018-06-15,14.0,8.0
2018-06-16,22.0,10.0
2018-06-17,23.0,12.0
2018-06-18,26.0,14.0
2018-06-19,27.0,13.0
2018-06-20,24.0,11.0
2018-06-21,21.0,9.0
2018-06-22,19.0,6.0
2018-06-23,13.0,5.0
2018-06-24,13.0,6.0
2018-06-25,14.0,9.0
2018-06-26,12.0,6.0
2018-06-27,16.0,5.0
2018-06-28,10.0,4.0
2018-06-29,15.0,5.0
2018-06-30,17.0,5.0
2018-07-01,23.0,9.0
2018-07-02,28.0,10.0
2018-07-03,29.0,12.0
2018-07-04,17.0,7.0
2018-07-05,19.0,9.0
2018-07-06,17.0,9.0
2018-07-07,16.0,6.0
2018-07-08,16.0,7.0
2018-07-09,20.0,8.0
2018-07-10,19.0,10.0
2018-07-11,23.0,12.0
2018-07-12,22.0,10.0
2018-07-13,24.0,13.0
2018-07-14,21.0,10.0
2018-07-15,21.0,11.0
2018-07-16,16.0,7.0
2018-07-17,13.0,7.0
2018-07-18,13.0,8.0
2018-07-19,17.0,9.0
2018-07-20,27.0,13.0
2018-07-21,30.0,18.0
2018-07-22,17.0,8.0
2018-07-23,12.0,6.0
2018-07-24,15.0,7.0
2018-07-25,27.0,12.0
2018-07-26,30.0,16.0
2018-07-27,23.0,10.0
2018-07-28,25.0,11.0
2018-07-29,24.0,11.0
2018-07-30,29.0,14.0
2018-07-31,34.0,16.0
2018-08-01,37.0,18.0
2018-08-02,36.0,14.0
2018-08-03,31.0,15.0
2018-08-04,29.0,13.0
2018-08-05,28.0,13.0
2018-08-06,30.0,16.0
2018-08-07,26.0,12.0
2018-08-08,26.0,12.0
2018-08-09,25.0,14.0
2018-08-10,21.0,9.0
2018-08-11,19.0,9.0
2018-08-12,21.0,10.0
2018-08-13,15.0,4.0
2018-08-14,13.0,5.0
2018-08-15,8.0,4.0
2018-08-16,12.0,8.0
2018-08-17,17.0,9.0
2018-08-18,24.0,13.0
2018-08-19,30.0,15.0
2018-08-20,31.0,17.0
2018-08-21,28.0,15.0
2018-08-22,29.0,15.0
2018-08-23,26.0,14.0
2018-08-24,29.0,13.0
2018-08-25,16.0,7.0
2018-08-26,4.0,2.0
2018-08-27,10.0,7.0
2018-08-28,17.0,12.0
2018-08-29,26.0,16.0
2018-08-30,30.0,13.0
2018-08-31,29.0,12.0
2018-09-01,9.0,2.0
2018-09-02,13.0,6.0
2018-09-03,8.0,5.0
2018-09-04,15.0,6.0
2018-09-05,21.0,10.0
2018-09-06,23.0,13.0
2018-09-07,27.0,15.0
2018-09-08,22.0,13.0
2018-09-09,24.0,12.0
2018-09-10,30.0,15.0
2018-09-11,38.0,19.0
2018-09-12,31.8,19.1
2018-09-13,41.0,22.0
2018-09-14,28.0,14.0
2018-09-15,31.0,15.0
2018-09-16,37.0,19.0
2018-09-17,31.0,16.0
2018-09-18,28.0,13.0
2018-09-19,32.0,15.0
2018-09-20,38.0,17.0
2018-09-21,32.0,15.0
2018-09-22,35.0,16.0
2018-09-23,28.0,10.0
2018-09-24,28.0,11.0
2018-09-25,20.0,12.0
2018-09-26,24.0,12.0
2018-09-27,37.0,21.6
2018-09-28,46.0,32.8
2018-09-29,33.0,17.0
2018-09-30,32.0,15.0
2018-10-01,23.0,13.0
2018-10-02,15.0,7.0
2018-10-03,20.0,12.0
2018-10-04,32.0,20.0
2018-10-05,30.0,18.0
2018-10-06,33.0,21.0
2018-10-07,28.0,15.0
2018-10-08,29.0,19.0
2018-10-09,45.0,29.0
2018-10-10,63.0,42.0
2018-10-11,67.0,52.0
2018-10-12,45.0,30.0
2018-10-13,54.0,38.0
2018-10-14,55.0,36.0
2018-10-15,55.0,38.0
2018-10-16,55.0,42.0
2018-10-17,49.0,34.0
2018-10-18,52.0,33.0
2018-10-19,65.0,43.0
2018-10-20,59.0,37.0
2018-10-21,44.0,27.0
2018-10-22,20.0,10.0
2018-10-23,32.0,16.0
2018-10-24,19.0,9.0
2018-10-25,75.0,42.0
2018-10-26,63.0,34.0
2018-10-27,37.0,17.0
2018-10-28,17.0,4.0
2018-10-29,19.0,2.0
2018-10-30,11.0,5.0
2018-10-31,25.0,15.0
2018-11-01,23.0,14.0
2018-11-02,32.0,22.0
2018-11-03,28.0,15.0
2018-11-04,32.0,18.0
2018-11-05,29.0,13.0
2018-11-06,31.0,12.0
2018-11-07,29.0,15.0
2018-11-08,26.0,11.0
2018-11-09,45.0,30.0
2018-11-10,45.0,31.0
2018-11-11,54.0,36.0
2018-11-12,55.0,33.0
2018-11-13,35.0,17.0
2018-11-14,49.0,29.0
2018-11-15,54.0,30.0
2018-11-16,33.0,21.0
2018-11-17,23.0,15.0
2018-11-18,19.0,17.0
2018-11-19,20.0,19.0
2018-11-20,13.0,10.0
2018-11-21,28.0,19.0
2018-11-22,34.0,23.0
2018-11-23,49.0,31.0
2018-11-24,23.0,13.0
2018-11-25,22.0,12.0
2018-11-26,28.0,16.0
2018-11-27,35.8,24.0
2018-11-28,38.0,28.0
2018-11-29,41.0,32.0
2018-11-30,48.0,42.0
2018-12-01,60.0,53.0
2018-12-02,66.0,53.0
2018-12-03,85.0,68.0
2018-12-04,81.0,60.0
2018-12-05,67.0,46.0
2018-12-06,58.0,44.0
2018-12-07,47.0,32.0
2018-12-08,21.0,10.0
2018-12-09,28.0,21.0
2018-12-10,5.0,1.0
2018-12-11,13.0,9.0
2018-12-12,31.0,18.8
2018-12-13,40.0,32.0
2018-12-14,38.0,30.0
2018-12-15,48.0,41.0
2018-12-16,47.0,42.0
2018-12-17,51.0,46.0
2018-12-18,34.0,23.0
2018-12-19,50.0,39.0
2018-12-20,40.0,33.0
2018-12-21,40.0,29.0
2018-12-22,48.0,35.0
2018-12-23,35.0,19.0
2018-12-24,26.0,16.0
2018-12-25,25.0,17.0
2018-12-26,24.0,16.0
2018-12-27,34.0,24.0
2018-12-28,45.0,35.0
2018-12-29,48.0,38.0
2018-12-30,51.0,41.0
2018-12-31,52.0,41.0
2019-01-01,70.0,57.0
2019-01-02,44.0,33.0
2019-01-03,28.0,19.0
2019-01-04,29.0,22.0
2019-01-05,48.0,40.0
2019-01-06,43.0,35.0
2019-01-07,85.0,69.0
2019-01-08,82.0,60.0
2019-01-09,32.0,17.0
2019-01-10,16.0,9.0
2019-01-11,29.0,19.0
2019-01-12,33.0,23.0
2019-01-13,61.0,49.0
2019-01-14,25.0,16.0
2019-01-15,20.0,11.0
2019-01-16,42.0,22.0
2019-01-17,58.0,44.0
2019-01-18,53.0,40.0
2019-01-19,19.0,10.0
2019-01-20,45.0,34.0
2019-01-21,72.0,60.0
2019-01-22,35.0,28.0
2019-01-23,23.0,18.0
2019-01-24,34.0,28.0
2019-01-25,45.0,37.0
2019-01-26,39.0,30.0
2019-01-27,81.0,70.0
2019-01-28,52.0,41.0
2019-01-29,38.0,27.0
2019-01-30,38.0,29.0
2019-01-31,36.0,28.0
2019-02-01,27.0,20.0
2019-02-02,24.0,20.0
2019-02-03,26.0,19.0
2019-02-04,29.0,20.0
2019-02-05,45.0,34.0
2019-02-06,56.0,45.0
2019-02-07,51.0,42.0
2019-02-08,56.0,44.0
2019-02-09,61.0,48.0
2019-02-10,101.0,91.0
2019-02-11,32.0,22.0
2019-02-12,18.0,10.0
2019-02-13,42.0,33.0
2019-02-14,49.0,39.0
2019-02-15,58.0,48.0
2019-02-16,75.0,61.0
2019-02-17,63.0,53.0
2019-02-18,49.0,34.0
2019-02-19,29.0,18.0
2019-02-20,66.0,53.0
2019-02-21,62.0,48.0
2019-02-22,31.8,19.1
2019-02-23,33.0,23.0
2019-02-24,30.0,23.0
2019-02-25,33.0,24.0
2019-02-26,44.0,29.0
2019-02-27,47.0,25.0
2019-02-28,50.0,31.0
2019-03-01,58.0,38.0
2019-03-02,41.0,27.0
2019-03-03,45.0,29.0
2019-03-04,43.0,25.0
2019-03-05,45.0,28.0
2019-03-06,43.0,23.0
2019-03-07,33.0,16.0
2019-03-08,19.0,6.0
2019-03-09,21.0,6.0
2019-03-10,23.0,8.0
2019-03-11,22.0,11.0
2019-03-12,14.0,5.4
2019-03-13,15.0,5.8
2019-03-14,12.0,4.4
2019-03-15,11.0,4.0
2019-03-16,40.0,21.0
2019-03-17,40.0,19.0
2019-03-18,12.0,5.0
2019-03-19,18.0,11.0
2019-03-20,22.0,15.0
2019-03-21,33.0,22.0
2019-03-22,41.0,24.0
2019-03-23,40.0,22.0
2019-03-24,35.0,13.0
2019-03-25,28.0,11.0
2019-03-26,11.0,4.0
2019-03-27,16.0,10.0
2019-03-28,25.0,16.0
2019-03-29,29.0,16.0
2019-03-30,34.0,15.0
2019-03-31,38.0,18.0
2019-04-01,44.0,19.0
2019-04-02,47.0,19.0
2019-04-03,21.0,3.0
2019-04-04,10.0,1.0
2019-04-05,11.0,2.0
2019-04-06,19.0,8.0
2019-04-07,26.0,13.0
2019-04-08,20.0,7.0
2019-04-09,17.0,6.0
2019-04-10,24.0,9.0
2019-04-11,20.0,6.0
2019-04-12,23.0,11.0
2019-04-13,26.0,13.0
2019-04-14,32.0,21.0
2019-04-15,22.0,15.0
2019-04-16,31.0,19.0
2019-04-17,36.0,21.0
2019-04-18,35.0,18.0
2019-04-19,30.0,14.0
2019-04-20,28.0,14.0
2019-04-21,23.0,10.0
2019-04-22,34.0,9.0
2019-04-23,23.0,7.0
2019-04-24,31.0,10.0
2019-04-25,34.0,10.0
2019-04-26,23.0,6.0
2019-04-27,5.0,0.0
2019-04-28,7.0,3.0
2019-04-29,3.0,4.0
2019-04-30,13.0,5.0
2019-05-01,11.0,4.0
2019-05-02,16.0,4.0
2019-05-03,14.0,1.0
2019-05-04,16.0,4.0
2019-05-05,2.0,1.0
2019-05-06,6.0,7.0
2019-05-07,17.0,10.0
2019-05-08,23.0,12.0
2019-05-09,20.0,6.0
2019-05-10,21.0,3.0
2019-05-11,14.0,3.0
2019-05-12,6.0,2.0
2019-05-13,14.0,4.0
2019-05-14,12.0,6.0
2019-05-15,12.0,7.0
2019-05-16,13.0,5.0
2019-05-17,19.0,6.0
2019-05-18,17.0,4.0
2019-05-19,15.0,1.0
2019-05-20,9.0,0.0
2019-05-21,14.0,4.0
2019-05-22,19.0,8.0
2019-05-23,23.0,12.0
2019-05-24,20.0,9.0
2019-05-25,25.0,11.0
2019-05-26,26.0,10.0
2019-05-27,15.0,5.0
2019-05-28,22.0,8.0
2019-05-29,6.0,4.0
2019-05-30,10.0,5.0
2019-05-31,15.0,9.0
2019-06-01,16.0,7.0
2019-06-02,16.0,4.0
2019-06-03,20.0,4.0
2019-06-04,21.0,4.0
2019-06-05,18.0,5.0
2019-06-06,22.0,13.0
2019-06-07,26.0,10.0
2019-06-08,36.0,16.0
2019-06-09,46.0,16.0
2019-06-10,56.0,13.0
2019-06-11,53.0,9.0
2019-06-12,33.0,5.0
2019-06-13,20.0,7.0
2019-06-14,34.0,11.0
2019-06-15,44.0,15.0
2019-06-16,35.0,11.0
2019-06-17,35.0,10.0
2019-06-18,24.4,13.0
2019-06-19,31.8,19.1
2019-06-20,31.8,19.1
2019-06-21,31.0,18.8
2019-06-22,28.0,15.0
2019-06-23,20.0,11.0
2019-06-24,26.0,11.0
2019-06-25,31.0,11.0
2019-06-26,39.0,14.0
2019-06-27,45.0,17.0
2019-06-28,45.0,17.0
2019-06-29,29.0,11.0
2019-06-30,30.0,14.0
2019-07-01,36.0,22.0
2019-07-02,29.0,18.0
2019-07-03,32.0,16.0
2019-07-04,25.0,15.0
2019-07-05,28.0,11.0
2019-07-06,25.0,11.0
2019-07-07,33.0,11.0
2019-07-08,28.0,10.0
2019-07-09,21.0,4.0
2019-07-10,21.0,7.0
2019-07-11,29.0,7.0
2019-07-12,24.0,6.0
2019-07-13,23.0,8.0
2019-07-14,15.0,5.0
2019-07-15,13.0,5.0
2019-07-16,14.0,10.0
2019-07-17,13.0,10.0
2019-07-18,20.0,12.0
2019-07-19,25.0,13.0
2019-07-20,23.0,11.0
2019-07-21,24.0,11.0
2019-07-22,34.0,14.0
2019-07-23,33.0,17.0
2019-07-24,35.0,23.0
2019-07-25,31.0,22.0
2019-07-26,22.0,17.0
2019-07-27,20.0,13.0
2019-07-28,14.0,6.0
2019-07-29,10.0,5.0
2019-07-30,19.0,6.0
2019-07-31,26.0,10.0
2019-08-01,25.0,8.0
2019-08-02,21.0,7.0
2019-08-03,11.0,2.0
2019-08-04,15.0,3.0
2019-08-05,26.0,8.0
2019-08-06,26.0,7.0
2019-08-07,27.0,11.0
2019-08-08,30.0,13.0
2019-08-09,33.0,13.0
2019-08-10,21.0,11.0
2019-08-11,25.0,7.0
2019-08-12,29.0,11.0
2019-08-13,20.0,9.0
2019-08-14,11.0,6.0
2019-08-15,14.0,7.0
2019-08-16,15.0,8.0
2019-08-17,20.0,5.0
2019-08-18,22.0,8.0
2019-08-19,22.0,8.0
2019-08-20,33.0,9.0
2019-08-21,40.0,13.0
2019-08-22,30.0,13.0
2019-08-23,29.0,15.0
2019-08-24,27.0,12.0
2019-08-25,21.0,11.0
2019-08-26,29.0,14.0
2019-08-27,36.0,19.0
2019-08-28,39.0,25.0
2019-08-29,41.0,21.0
2019-08-30,40.0,23.0
2019-08-31,35.0,21.0
2019-09-01,32.0,14.0
2019-09-02,32.0,16.0
2019-09-03,31.0,11.0
2019-09-04,32.0,14.0
2019-09-05,40.0,18.0
2019-09-06,14.0,8.0
2019-09-07,14.0,7.0
2019-09-08,31.8,19.1
2019-09-09,31.8,19.1
2019-09-10,21.0,9.0
2019-09-11,26.0,14.0
2019-09-12,22.6,10.0
2019-09-13,29.0,14.0
2019-09-14,29.0,12.0
2019-09-15,28.0,7.0
2019-09-16,39.0,14.0
2019-09-17,22.0,10.0
2019-09-18,24.0,14.0
2019-09-19,15.0,7.0
2019-09-20,15.0,9.0
2019-09-21,21.0,10.0
2019-09-22,22.0,8.0
2019-09-23,29.0,16.0
2019-09-24,24.0,6.0
2019-09-25,34.0,14.0
2019-09-26,45.0,21.0
2019-09-27,37.0,13.0
2019-09-28,23.0,8.0
2019-09-29,17.0,4.0
2019-09-30,17.0,6.0
2019-10-01,19.8,7.0
2019-10-02,17.0,4.0
2019-10-03,5.0,2.0
2019-10-04,14.0,7.0
2019-10-05,27.0,16.0
2019-10-06,26.0,15.0
2019-10-07,16.0,8.0
2019-10-08,26.0,14.0
2019-10-09,37.0,23.0
2019-10-10,56.0,38.0
2019-10-11,47.0,30.0
2019-10-12,61.0,38.0
2019-10-13,71.0,47.0
2019-10-14,76.0,57.0
2019-10-15,46.0,22.0
2019-10-16,17.0,3.0
2019-10-17,22.0,15.0
2019-10-18,22.0,7.0
2019-10-19,46.0,27.0
2019-10-20,32.0,16.0
2019-10-21,40.0,17.0
2019-10-22,54.0,28.0
2019-10-23,65.0,37.0
2019-10-24,37.0,18.0
2019-10-25,31.0,16.0
2019-10-26,43.0,27.0
2019-10-27,30.0,15.0
2019-10-28,45.0,28.0
2019-10-29,68.0,50.0
2019-10-30,30.0,14.0
2019-10-31,23.0,16.0
2019-11-01,19.0,12.0
2019-11-02,27.0,17.0
2019-11-03,15.0,4.0
2019-11-04,18.0,4.0
2019-11-05,22.0,8.0
2019-11-06,17.0,7.0
2019-11-07,24.0,14.0
2019-11-08,27.0,15.0
2019-11-09,24.0,17.0
2019-11-10,32.0,20.0
2019-11-11,30.0,22.0
2019-11-12,12.0,6.0
2019-11-13,17.0,9.0
2019-11-14,14.0,7.0
2019-11-15,15.0,9.0
2019-11-16,30.0,30.0
2019-11-17,10.0,6.0
2019-11-18,21.0,13.0
2019-11-19,17.0,7.0
2019-11-20,24.0,11.0
2019-11-21,42.0,26.4
2019-11-22,40.0,19.0
2019-11-23,21.0,9.0
2019-11-24,23.0,6.0
2019-11-25,17.0,6.0
2019-11-26,31.0,16.0
2019-11-27,30.0,16.0
2019-11-28,28.0,17.0
2019-11-29,38.0,20.0
2019-11-30,35.0,22.0
2019-12-01,46.0,28.0
2019-12-02,18.0,13.0
2019-12-03,19.0,9.0
2019-12-04,31.0,22.0
2019-12-05,44.0,31.0
2019-12-06,54.0,41.0
2019-12-07,62.0,43.0
2019-12-08,70.0,49.0
2019-12-09,92.0,65.0
2019-12-10,31.0,17.0
2019-12-11,25.0,13.0
2019-12-12,21.0,15.0
2019-12-13,19.0,15.0
2019-12-14,29.0,17.0
2019-12-15,60.0,45.0
2019-12-16,68.0,49.0
2019-12-17,70.0,48.0
2019-12-18,51.0,23.0
2019-12-19,49.0,16.0
2019-12-20,25.0,11.8
2019-12-21,14.0,5.4
2019-12-22,2.0,0.8
2019-12-23,1.0,3.0
2019-12-24,10.0,10.0
2019-12-25,24.0,18.0
2019-12-26,28.0,22.0
2019-12-27,34.0,28.0
2019-12-28,53.0,41.0
2019-12-29,53.0,39.0
2019-12-30,42.0,34.0
2019-12-31,42.0,33.0
2020-01-01,52.0,43.0
2020-01-02,59.0,45.0
2020-01-03,45.0,29.0
2020-01-04,42.0,26.0
2020-01-05,31.0,19.0
2020-01-06,52.0,33.0
2020-01-07,50.0,31.0
2020-01-08,40.0,34.0
2020-01-09,51.0,32.0
2020-01-10,70.0,47.0
2020-01-11,57.0,36.0
2020-01-12,51.0,33.0
2020-01-13,65.0,53.0
2020-01-14,93.0,70.0
2020-01-15,98.0,82.0
2020-01-16,95.0,66.0
2020-01-17,48.0,30.0
2020-01-18,37.0,24.0
2020-01-19,35.0,34.0
2020-01-20,33.0,21.0
2020-01-21,47.0,31.0
2020-01-22,36.0,22.0
2020-01-23,62.0,42.0
2020-01-24,76.0,58.0
2020-01-25,95.0,67.0
2020-01-26,73.0,51.0
2020-01-27,51.0,31.0
2020-01-28,87.0,55.0
2020-01-29,23.0,12.0
2020-01-30,39.0,24.0
2020-01-31,51.0,26.0
2020-02-01,82.0,56.0
2020-02-02,39.0,19.0
2020-02-03,24.0,9.0
2020-02-04,18.0,5.0
2020-02-05,7.0,7.0
2020-02-06,19.0,12.0
2020-02-07,29.0,20.0
2020-02-08,44.0,30.0
2020-02-09,59.0,48.0
2020-02-10,67.0,42.0
2020-02-11,29.0,9.0
2020-02-12,8.0,5.0
2020-02-13,45.0,26.0
2020-02-14,58.0,37.0
2020-02-15,46.0,32.0
2020-02-16,75.0,44.0
2020-02-17,102.0,65.0
2020-02-18,53.0,37.0
2020-02-19,36.0,20.0
2020-02-20,26.0,19.0
2020-02-21,37.0,30.0
2020-02-22,67.0,52.0
2020-02-23,62.0,42.0
2020-02-24,60.0,36.0
2020-02-25,66.0,38.0
2020-02-26,26.0,8.0
2020-02-27,6.0,2.0
2020-02-28,18.0,12.0
2020-02-29,33.0,18.8
2020-03-01,29.0,24.0
2020-03-02,32.0,20.0
2020-03-03,22.0,6.0
2020-03-04,21.2,8.0
2020-03-05,22.6,10.0
2020-03-06,24.4,13.0
2020-03-07,29.0,14.0
2020-03-08,15.0,8.0
2020-03-09,18.0,13.0
2020-03-10,16.0,9.0
2020-03-11,24.0,12.0
2020-03-12,55.0,32.0
2020-03-13,47.0,27.0
2020-03-14,32.0,17.0
2020-03-15,18.0,9.0
2020-03-16,18.0,16.0
2020-03-17,26.0,23.0
2020-03-18,38.0,28.0
2020-03-19,39.0,24.0
2020-03-20,45.0,29.0
2020-03-21,35.0,22.0
2020-03-22,25.0,14.0
2020-03-23,8.0,4.2
2020-03-24,10.0,11.0
2020-03-25,15.0,14.0
2020-03-26,14.0,10.0
2020-03-27,49.0,16.0
2020-03-28,101.0,22.0
2020-03-29,78.0,12.0
2020-03-30,54.0,11.0
2020-03-31,9.0,2.6
2020-04-01,18.0,13.0
2020-04-02,19.0,17.0
2020-04-03,27.0,23.0
2020-04-04,32.0,20.0
2020-04-05,29.0,16.0
2020-04-06,35.0,20.0
2020-04-07,35.0,29.0
2020-04-08,21.0,11.0
2020-04-09,20.0,11.2
2020-04-10,24.0,10.6
2020-04-11,21.0,8.4
2020-04-12,14.0,5.4
2020-04-13,21.0,11.0
2020-04-14,21.0,8.4
2020-04-15,20.0,17.0
2020-04-16,25.0,11.0
2020-04-17,24.0,12.0
2020-04-18,30.0,17.0
2020-04-19,35.0,7.0
2020-04-20,22.0,10.0
2020-04-21,24.0,6.0
2020-04-22,23.0,12.0
2020-04-23,23.0,19.0
2020-04-24,21.0,15.0
2020-04-25,13.0,10.0
2020-04-26,14.0,8.0
2020-04-27,14.0,4.0
2020-04-28,13.0,3.0
2020-04-29,15.0,3.0
2020-04-30,11.0,2.0
2020-05-01,11.0,1.0
2020-05-02,9.0,4.0
2020-05-03,13.0,7.0
2020-05-04,13.0,6.0
2020-05-05,13.0,6.0
2020-05-06,21.0,7.0
2020-05-07,19.0,8.0
2020-05-08,18.0,7.0
2020-05-09,11.0,6.0
2020-05-10,17.0,6.0
2020-05-11,9.0,0.0
2020-05-12,15.0,3.0
2020-05-13,23.0,5.0
2020-05-14,37.0,13.0
2020-05-15,16.0,5.0
2020-05-16,25.0,8.0
2020-05-17,28.0,22.0
2020-05-18,31.0,13.0
2020-05-19,29.0,8.0
2020-05-20,18.0,8.0
2020-05-21,21.0,9.0
2020-05-22,27.0,21.0
2020-05-23,23.0,11.0
2020-05-24,20.0,7.0
2020-05-25,17.0,7.8
2020-05-26,19.0,9.0
2020-05-27,17.0,9.0
2020-05-28,23.0,10.0
2020-05-29,11.0,4.0
2020-05-30,14.0,6.0
2020-05-31,18.0,7.0
2020-06-01,18.0,7.0
2020-06-02,19.0,13.0
2020-06-03,9.0,1.0
2020-06-04,12.0,1.0
2020-06-05,10.0,1.0
2020-06-06,14.0,3.0
2020-06-07,14.0,4.0
2020-06-08,24.4,13.0
2020-06-09,21.2,8.0
2020-06-10,17.8,5.0
2020-06-11,12.0,7.0
2020-06-12,14.0,4.0
2020-06-13,14.0,5.0
2020-06-14,11.0,2.0
2020-06-15,21.0,6.0
2020-06-16,18.0,9.0
2020-06-17,19.0,9.0
2020-06-18,16.0,8.8
2020-06-19,14.0,5.0
2020-06-20,12.0,6.0
2020-06-21,15.0,7.0
2020-06-22,18.0,5.0
2020-06-23,26.0,9.0
2020-06-24,29.0,11.0
2020-06-25,33.0,10.0
2020-06-26,24.0,9.0
2020-06-27,22.0,9.0
2020-06-28,21.0,9.0
2020-06-29,18.0,7.0
2020-06-30,23.0,8.0
2020-07-01,40.0,13.0
2020-07-02,26.0,11.0
2020-07-03,19.0,8.0
2020-07-04,14.0,7.0
2020-07-05,15.0,6.0
2020-07-06,19.0,9.0
2020-07-07,17.0,4.0
2020-07-08,20.0,6.0
2020-07-09,26.0,11.0
2020-07-10,30.0,14.0
2020-07-11,25.0,10.0
2020-07-12,16.0,5.0
2020-07-13,12.0,7.0
2020-07-14,15.0,10.0
2020-07-15,17.0,7.0
2020-07-16,25.0,8.0
2020-07-17,25.0,9.0
2020-07-18,14.0,3.0
2020-07-19,20.0,9.0
2020-07-20,27.0,12.0
2020-07-21,30.0,14.0
2020-07-22,36.0,14.0
2020-07-23,24.0,7.0
2020-07-24,11.0,4.0
2020-07-25,12.0,5.0
2020-07-26,18.0,9.0
2020-07-27,27.0,12.0
2020-07-28,35.0,14.0
2020-07-29,32.0,14.0
2020-07-30,33.0,14.0
2020-07-31,27.0,14.0
2020-08-01,30.0,15.0
2020-08-02,15.0,7.0
2020-08-03,9.0,4.0
2020-08-04,9.0,2.6
2020-08-05,10.0,5.0
2020-08-06,15.0,7.0
2020-08-07,23.0,12.0
2020-08-08,28.0,13.0
2020-08-09,27.0,12.0
2020-08-10,31.0,12.0
2020-08-11,28.0,12.0
2020-08-12,31.0,11.0
2020-08-13,23.0,9.0
2020-08-14,24.0,18.0
2020-08-15,24.0,10.0
2020-08-16,20.0,7.0
2020-08-17,18.0,7.0
2020-08-18,17.0,8.0
2020-08-19,21.0,15.0
2020-08-20,24.0,12.0
2020-08-21,26.0,14.0
2020-08-22,16.0,6.0
2020-08-23,19.0,9.0
2020-08-24,13.0,6.0
2020-08-25,19.8,7.0
2020-08-26,11.4,4.0
2020-08-27,23.0,12.0
2020-08-28,19.0,9.0
2020-08-29,20.0,11.2
2020-08-30,12.0,4.4
2020-08-31,11.0,3.0
2020-09-01,8.0,4.2
2020-09-02,15.0,5.8
2020-09-03,15.0,5.8
2020-09-04,20.0,11.2
2020-09-05,20.0,11.2
2020-09-06,10.0,14.0
2020-09-07,21.0,8.4
2020-09-08,21.0,8.4
2020-09-09,24.0,12.0
2020-09-10,34.0,13.0
2020-09-11,34.0,15.0
2020-09-12,29.0,15.0
2020-09-13,35.0,18.0
2020-09-14,40.0,21.0
2020-09-15,39.0,19.0
2020-09-16,45.0,20.0
2020-09-17,44.0,19.0
2020-09-18,37.0,17.0
2020-09-19,38.0,15.0
2020-09-20,35.0,17.0
2020-09-21,21.0,10.0
2020-09-22,19.0,7.0
2020-09-23,17.0,7.0
2020-09-24,9.0,2.0
2020-09-25,4.0,0.0
2020-09-26,2.0,2.0
2020-09-27,4.0,4.0
2020-09-28,16.0,10.0
2020-09-29,34.0,16.0
2020-09-30,31.0,10.0
2020-10-01,18.0,5.0
2020-10-02,20.0,4.0
2020-10-03,5.0,0.0
2020-10-04,7.0,2.0
2020-10-05,13.0,7.0
2020-10-06,21.0,9.0
2020-10-07,26.0,15.0
2020-10-08,25.0,15.0
2020-10-09,30.0,17.0
2020-10-10,26.0,13.0
2020-10-11,4.0,1.0
2020-10-12,5.0,0.0
2020-10-13,16.0,4.0
2020-10-14,16.0,9.0
2020-10-15,19.0,12.0
2020-10-16,11.0,6.0
2020-10-17,18.0,11.0
2020-10-18,24.0,15.0
2020-10-19,39.0,27.0
2020-10-20,35.0,20.0
2020-10-21,29.0,16.0
2020-10-22,39.0,22.0
2020-10-23,69.0,42.0
2020-10-24,51.0,28.0
2020-10-25,24.0,10.0
2020-10-26,19.0,6.0
2020-10-27,7.0,3.0
2020-10-28,16.0,8.0
2020-10-29,22.0,13.0
2020-10-30,39.0,22.0
2020-10-31,40.0,22.0
2020-11-01,32.0,19.0
2020-11-02,36.0,20.0
2020-11-03,75.0,48.0
2020-11-04,67.0,35.0
2020-11-05,62.0,34.0
2020-11-06,28.0,13.0
2020-11-07,46.0,29.0
2020-11-08,37.0,26.0
2020-11-09,35.0,23.0
2020-11-10,44.0,22.0
2020-11-11,58.0,37.0
2020-11-12,83.0,54.0
2020-11-13,68.0,42.0
2020-11-14,88.0,49.0
2020-11-15,51.0,30.0
2020-11-16,37.0,24.0
2020-11-17,34.0,21.0
2020-11-18,23.0,15.0
2020-11-19,24.0,16.0
2020-11-20,21.0,14.0
2020-11-21,14.0,9.0
2020-11-22,16.0,13.0
2020-11-23,24.0,20.0
2020-11-24,45.0,34.0
2020-11-25,51.0,37.0
2020-11-26,64.0,45.0
2020-11-27,84.0,63.0
2020-11-28,111.0,81.0
2020-11-29,99.0,69.0
2020-11-30,43.0,27.0
2020-12-01,39.0,24.0
2020-12-02,15.0,11.0
2020-12-03,22.0,13.0
2020-12-04,27.0,15.0
2020-12-05,11.0,5.0
2020-12-06,21.0,12.0
2020-12-07,26.0,14.0
2020-12-08,16.0,9.0
2020-12-09,10.0,6.0
2020-12-10,28.0,15.0
2020-12-11,34.0,22.0
2020-12-12,34.0,25.0
2020-12-13,29.0,23.0
2020-12-14,43.0,29.0
2020-12-15,49.0,32.0
2020-12-16,38.0,21.0
2020-12-17,39.0,21.0
2020-12-18,58.0,35.0
2020-12-19,56.0,38.0
2020-12-20,57.0,38.0
2020-12-21,36.0,23.0
2020-12-22,55.0,36.0
2020-12-23,55.0,34.0
2020-12-24,70.0,39.0
2020-12-25,10.0,7.0
2020-12-26,11.0,7.0
2020-12-27,14.0,10.0
2020-12-28,17.0,15.0
2020-12-29,40.0,33.0
2020-12-30,42.0,30.0
2020-12-31,36.0,25.0
2021-01-01,64.0,50.0
2021-01-02,36.0,25.0
2021-01-03,23.0,12.0
2021-01-04,35.0,21.0
2021-01-05,19.0,11.0
2021-01-06,16.0,12.0
2021-01-07,28.0,19.0
2021-01-08,43.0,31.0
2021-01-09,43.0,31.0
2021-01-10,31.0,23.0
2021-01-11,34.0,21.0
2021-01-12,32.0,20.0
2021-01-13,48.0,35.0
2021-01-14,76.0,55.0
2021-01-15,55.0,35.0
2021-01-16,47.0,29.0
2021-01-17,61.0,46.0
2021-01-18,82.0,60.6
2021-01-19,61.0,42.0
2021-01-20,91.0,75.0
2021-01-21,31.8,19.1
2021-01-22,31.8,19.1
2021-01-23,11.0,1.0
2021-01-24,23.0,10.0
2021-01-25,31.0,17.0
2021-01-26,11.0,9.0
2021-01-27,26.0,16.0
2021-01-28,30.0,18.0
2021-01-29,51.0,36.0
2021-01-30,43.0,26.0
2021-01-31,34.0,20.0
2021-02-01,28.0,12.0
2021-02-02,46.0,25.0
2021-02-03,54.0,27.0
2021-02-04,42.0,24.0
2021-02-05,56.0,28.0
2021-02-06,55.0,26.0
2021-02-07,32.0,11.0
2021-02-08,10.0,1.0
2021-02-09,32.0,12.4
2021-02-10,32.8,17.0
2021-02-11,20.0,17.0
2021-02-12,32.8,17.0
2021-02-13,32.2,19.0
2021-02-14,38.4,22.0
2021-02-15,27.0,15.0
2021-02-16,24.0,18.0
2021-02-17,48.0,30.0
2021-02-18,75.0,48.0
2021-02-19,89.0,61.0
2021-02-20,75.0,41.0
2021-02-21,68.0,41.0
2021-02-22,68.0,47.0
2021-02-23,63.0,38.0
2021-02-24,59.0,23.0
2021-02-25,73.0,21.0
2021-02-26,92.0,30.0
2021-02-27,71.0,27.0
2021-02-28,22.0,11.0
2021-03-01,23.0,12.0
2021-03-02,44.0,23.0
2021-03-03,54.0,28.0
2021-03-04,53.0,26.0
2021-03-05,46.0,20.0
2021-03-06,19.0,8.0
2021-03-07,22.0,13.0
2021-03-08,31.0,21.0
2021-03-09,48.0,33.0
2021-03-10,48.0,31.0
2021-03-11,55.0,31.0
2021-03-12,65.0,39.0
2021-03-13,25.0,6.0
2021-03-14,14.0,3.0
2021-03-15,9.0,1.0
2021-03-16,10.0,5.0
2021-03-17,25.0,11.0
2021-03-18,22.6,10.0
2021-03-19,15.0,15.0
2021-03-20,18.0,14.0
2021-03-21,12.0,10.0
2021-03-22,16.0,9.0
2021-03-23,33.0,11.0
2021-03-24,40.0,16.0
2021-03-25,59.0,27.0
2021-03-26,45.0,16.0
2021-03-27,33.0,9.0
2021-03-28,34.0,10.0
2021-03-29,40.0,13.0
2021-03-30,54.0,23.0
2021-03-31,67.0,25.0
2021-04-01,37.0,7.0
2021-04-02,19.0,1.0
2021-04-03,22.0,6.0
2021-04-04,12.0,6.0
2021-04-05,19.0,5.0
2021-04-06,12.0,8.0
2021-04-07,14.0,8.0
2021-04-08,16.0,7.0
2021-04-09,21.0,10.0
2021-04-10,30.0,7.0
2021-04-11,22.0,7.0
2021-04-12,11.0,0.0
2021-04-13,5.0,0.0
2021-04-14,12.0,5.0
2021-04-15,17.0,11.0
2021-04-16,22.0,14.0
2021-04-17,22.0,14.0
2021-04-18,19.0,12.0
2021-04-19,23.0,11.0
2021-04-20,17.0,8.0
2021-04-21,21.0,8.0
2021-04-22,31.0,14.0
2021-04-23,30.0,12.0
2021-04-24,25.0,10.0
2021-04-25,30.0,11.0
2021-04-26,28.0,11.0
2021-04-27,21.0,9.0
2021-04-28,26.0,12.0
2021-04-29,36.0,17.0
2021-04-30,20.0,7.0
2021-05-01,25.0,10.0
2021-05-02,16.0,6.0
2021-05-03,14.0,7.0
2021-05-04,13.0,6.0
2021-05-05,17.0,6.0
2021-05-06,16.0,3.0
2021-05-07,18.0,4.0
2021-05-08,21.0,5.0
2021-05-09,19.0,7.0
2021-05-10,19.0,7.0
2021-05-11,14.0,2.0
2021-05-12,8.0,0.0
2021-05-13,7.0,1.0
2021-05-14,7.0,2.0
2021-05-15,8.0,3.0
2021-05-16,16.0,7.0
2021-05-17,13.0,4.0
2021-05-18,15.0,3.0
2021-05-19,12.0,7.0
2021-05-20,12.0,7.0
2021-05-21,11.0,4.0
2021-05-22,17.0,2.0
2021-05-23,21.0,6.0
2021-05-24,12.0,0.0
2021-05-25,10.0,3.0
2021-05-26,12.0,7.0
2021-05-27,16.0,5.0
2021-05-28,14.0,5.0
2021-05-29,15.0,5.0
2021-05-30,13.0,3.0
2021-05-31,13.0,5.0
2021-06-01,19.0,7.0
2021-06-02,18.0,9.0
2021-06-03,31.0,9.0
2021-06-04,25.0,8.0
2021-06-05,23.0,6.0
2021-06-06,21.0,6.0
2021-06-07,17.0,4.0
2021-06-08,18.0,6.0
2021-06-09,18.8,9.0
2021-06-10,22.6,10.0
2021-06-11,24.4,13.0
2021-06-12,18.0,9.0
2021-06-13,22.0,10.0
2021-06-14,27.0,11.0
2021-06-15,26.0,7.0
2021-06-16,36.0,19.4
2021-06-17,32.0,12.4
2021-06-18,21.0,8.4
2021-06-19,22.0,7.0
2021-06-20,52.0,9.0
2021-06-21,49.0,7.0
2021-06-22,25.0,4.0
2021-06-23,22.0,5.0
2021-06-24,17.0,6.0
2021-06-25,16.0,4.0
2021-06-26,20.0,5.0
2021-06-27,27.0,7.0
2021-06-28,28.0,7.0
2021-06-29,22.0,5.0
2021-06-30,18.0,3.0
2021-07-01,29.0,6.0
2021-07-02,26.0,8.0
2021-07-03,27.0,9.0
2021-07-04,21.0,11.0
2021-07-05,13.0,3.0
2021-07-06,19.0,7.0
2021-07-07,22.0,8.0
2021-07-08,21.0,7.0
2021-07-09,10.0,2.0
2021-07-10,16.0,5.0
2021-07-11,17.0,7.0
2021-07-12,22.0,8.0
2021-07-13,19.0,5.0
2021-07-14,10.0,3.0
2021-07-15,17.0,6.0
2021-07-16,19.0,9.0
2021-07-17,13.0,4.0
2021-07-18,13.0,4.0
2021-07-19,21.0,5.0
2021-07-20,25.0,9.0
2021-07-21,32.0,11.0
2021-07-22,29.0,12.0
2021-07-23,28.0,12.0
2021-07-24,25.0,11.0
2021-07-25,27.0,11.0
2021-07-26,32.0,12.0
2021-07-27,27.0,14.0
2021-07-28,26.0,10.0
2021-07-29,28.0,12.0
2021-07-30,23.0,10.0
2021-07-31,24.0,7.0
2021-08-01,14.0,5.0
2021-08-02,16.0,8.0
2021-08-03,13.0,5.0
2021-08-04,20.0,6.0
2021-08-05,15.0,6.0
2021-08-06,17.0,2.0
2021-08-07,16.0,5.0
2021-08-08,15.0,7.0
2021-08-09,22.0,8.0
2021-08-10,26.0,9.0
2021-08-11,31.0,12.0
2021-08-12,33.0,14.0
2021-08-13,31.0,12.0
2021-08-14,30.0,12.0
2021-08-15,37.0,12.0
2021-08-16,53.0,11.0
2021-08-17,14.0,3.0
2021-08-18,14.0,3.0
2021-08-19,21.0,6.0
2021-08-20,23.0,7.0
2021-08-21,24.0,12.0
2021-08-22,25.0,8.0
2021-08-23,15.0,6.0
2021-08-24,21.0,6.0
2021-08-25,18.0,3.0
2021-08-26,13.0,5.0
2021-08-27,12.0,6.0
2021-08-28,10.0,6.0
2021-08-29,12.0,6.0
2021-08-30,23.0,7.0
2021-08-31,28.0,10.0
2021-09-01,27.0,8.0
2021-09-02,28.0,6.0
2021-09-03,31.0,8.0
2021-09-04,28.0,8.0
2021-09-05,26.0,8.0
2021-09-06,33.0,10.0
2021-09-07,44.0,11.0
2021-09-08,44.0,12.0
2021-09-09,46.0,14.0
2021-09-10,41.0,13.0
2021-09-11,46.0,14.0
2021-09-12,47.0,12.0
2021-09-13,51.0,13.0
2021-09-14,25.0,11.0
2021-09-15,21.2,8.0
2021-09-16,31.8,19.1
2021-09-17,23.0,12.0
2021-09-18,24.0,10.6
2021-09-19,20.0,11.2
2021-09-20,14.0,5.4
2021-09-21,17.0,7.0
2021-09-22,21.8,12.0
2021-09-23,31.8,19.1
2021-09-24,31.8,19.1
2021-09-25,29.0,13.0
2021-09-26,38.0,18.0
2021-09-27,27.0,15.0
2021-09-28,37.0,25.0
2021-09-29,39.0,26.0
2021-09-30,20.0,9.0
2021-10-01,19.0,7.0
2021-10-02,26.0,13.0
2021-10-03,29.0,17.0
2021-10-04,21.0,9.0
2021-10-05,10.0,2.0
2021-10-06,11.0,4.0
2021-10-07,11.0,8.0
2021-10-08,16.0,10.0
2021-10-09,22.0,12.0
2021-10-10,27.0,15.0
2021-10-11,21.0,8.0
2021-10-12,26.0,9.0
2021-10-13,31.0,18.0
2021-10-14,22.0,8.0
2021-10-15,22.0,9.0
2021-10-16,33.0,20.0
2021-10-17,32.0,17.0
2021-10-18,40.0,22.0
2021-10-19,52.0,31.0
2021-10-20,27.0,10.0
2021-10-21,57.0,34.0
2021-10-22,64.0,37.0
2021-10-23,50.0,29.0
2021-10-24,29.0,11.0
2021-10-25,38.0,14.0
2021-10-26,48.0,20.0
2021-10-27,56.0,25.0
2021-10-28,52.0,24.0
2021-10-29,59.0,32.0
2021-10-30,73.0,49.0
2021-10-31,66.0,45.0
2021-11-01,30.0,14.0
2021-11-02,17.0,7.0
2021-11-03,25.0,11.0
2021-11-04,10.0,3.0
2021-11-05,21.0,15.0
2021-11-06,24.0,17.0
2021-11-07,29.0,24.0
2021-11-08,27.0,19.0
2021-11-09,25.0,15.0
2021-11-10,30.0,21.0
2021-11-11,38.0,27.0
2021-11-12,35.0,21.0
2021-11-13,32.0,17.0
2021-11-14,22.0,8.0
2021-11-15,36.0,14.0
2021-11-16,38.4,22.0
2021-11-17,41.8,31.0
2021-11-18,46.6,35.0
2021-11-19,31.0,23.0
2021-11-20,15.0,10.0
2021-11-21,10.0,5.0
2021-11-22,11.0,3.0
2021-11-23,17.0,9.0
2021-11-24,21.0,14.0
2021-11-25,25.0,21.0
2021-11-26,13.0,8.0
2021-11-27,21.0,13.0
2021-11-28,7.0,3.0
2021-11-29,16.0,11.0
2021-11-30,14.0,11.0
2021-12-01,32.0,22.0
2021-12-02,43.0,35.0
2021-12-03,29.0,19.0
2021-12-04,31.0,22.0
2021-12-05,45.0,37.0
2021-12-06,50.0,39.0
2021-12-07,28.0,20.0
2021-12-08,32.0,26.0
2021-12-09,22.0,19.0
2021-12-10,28.0,13.0
2021-12-11,20.0,11.2
2021-12-12,21.0,8.4
2021-12-13,34.0,20.8
2021-12-14,37.0,25.0
2021-12-15,57.0,48.0
2021-12-16,61.0,52.0
2021-12-17,50.0,45.0
2021-12-18,36.0,25.0
2021-12-19,38.0,34.0
2021-12-20,43.0,36.0
2021-12-21,44.0,36.0
2021-12-22,43.0,32.0
2021-12-23,40.0,30.0
2021-12-24,47.0,38.0
2021-12-25,49.0,41.0
2021-12-26,30.0,25.0
2021-12-27,52.0,44.0
2021-12-28,45.0,37.0
2021-12-29,28.0,21.0
2021-12-30,23.0,17.0
2021-12-31,28.0,22.0
2022-01-01,45.0,36.0
2022-01-02,25.0,20.0
2022-01-03,18.0,14.0
2022-01-04,31.0,24.0
2022-01-05,16.0,9.0
2022-01-06,8.0,4.0
2022-01-07,20.0,12.0
2022-01-08,32.0,27.0
2022-01-09,44.0,39.0
2022-01-10,37.0,33.0
2022-01-11,36.0,26.0
2022-01-12,41.0,30.0
2022-01-13,46.0,34.0
2022-01-14,29.0,18.0
2022-01-15,34.0,24.0
2022-01-16,37.0,29.0
2022-01-17,31.0,19.0
2022-01-18,55.0,42.0
2022-01-19,61.0,50.0
2022-01-20,51.0,39.0
2022-01-21,47.0,37.0
2022-01-22,47.0,37.0
2022-01-23,57.0,43.0
2022-01-24,57.0,46.0
2022-01-25,55.0,46.0
2022-01-26,47.0,35.0
2022-01-27,36.0,27.0
2022-01-28,30.0,21.0
2022-01-29,37.0,26.0
2022-01-30,48.0,37.0
2022-01-31,52.0,39.0
2022-02-01,5.0,0.0
2022-02-02,9.0,1.0
2022-02-03,33.0,20.0
2022-02-04,48.0,27.0
2022-02-05,66.0,46.0
2022-02-06,42.0,29.0
2022-02-07,25.0,12.0
2022-02-08,26.0,14.0
2022-02-09,36.0,17.0
2022-02-10,35.0,20.0
2022-02-11,46.0,25.0
2022-02-12,34.0,23.0
2022-02-13,22.0,14.0
2022-02-14,33.0,23.0
2022-02-15,27.0,12.2
2022-02-16,27.0,22.0
2022-02-17,32.0,25.0
2022-02-18,67.0,49.0
2022-02-19,75.0,62.0
2022-02-20,57.0,42.4
2022-02-21,24.0,15.0
2022-02-22,11.0,5.0
2022-02-23,29.0,19.0
2022-02-24,44.0,32.0
2022-02-25,37.0,26.0
2022-02-26,12.0,7.0
2022-02-27,18.0,10.0
2022-02-28,25.0,11.8
2022-03-01,22.0,11.0
2022-03-02,30.0,16.4
2022-03-03,28.0,13.0
2022-03-04,41.0,34.0
2022-03-05,26.0,21.0
2022-03-06,25.0,19.0
2022-03-07,31.0,20.0
2022-03-08,40.0,25.0
2022-03-09,40.0,25.0
2022-03-10,53.0,30.0
2022-03-11,45.0,27.0
2022-03-12,37.0,20.0
2022-03-13,34.0,22.0
2022-03-14,37.0,19.0
2022-03-15,51.0,29.0
2022-03-16,53.0,28.0
2022-03-17,72.0,40.0
2022-03-18,54.0,28.0
2022-03-19,33.0,19.0
2022-03-20,40.0,25.0
2022-03-21,39.0,22.0
2022-03-22,38.0,21.0
2022-03-23,40.0,21.0
2022-03-24,37.0,18.0
2022-03-25,33.0,15.0
2022-03-26,44.0,24.0
2022-03-27,55.0,35.0
2022-03-28,54.0,27.0
2022-03-29,51.0,21.0
2022-03-30,50.0,31.6
2022-03-31,18.0,9.0
2022-04-01,9.0,4.0
2022-04-02,10.0,7.0
2022-04-03,20.0,12.0
2022-04-04,23.0,16.0
2022-04-05,27.0,19.0
2022-04-06,27.0,16.0
2022-04-07,10.0,2.0
2022-04-08,11.0,0.0
2022-04-09,14.0,3.0
2022-04-10,10.0,6.0
2022-04-11,16.0,9.0
2022-04-12,25.0,14.0
2022-04-13,22.0,11.0
2022-04-14,22.0,10.0
2022-04-15,20.0,8.0
2022-04-16,21.0,7.0
2022-04-17,16.0,4.0
2022-04-18,16.0,4.0
2022-04-19,21.0,7.0
2022-04-20,19.0,4.0
2022-04-21,11.0,2.0
2022-04-22,18.0,7.0
2022-04-23,9.0,0.0
2022-04-24,4.0,0.0
2022-04-25,11.0,4.0
2022-04-26,15.0,6.0
2022-04-27,22.0,11.0
2022-04-28,17.0,10.0
2022-04-29,19.0,9.0
2022-04-30,23.0,11.0
2022-05-01,17.0,7.0
2022-05-02,15.0,6.0
2022-05-03,17.0,6.0
2022-05-04,17.0,5.0
2022-05-05,26.0,12.0
2022-05-06,14.0,6.0
2022-05-07,19.0,7.0
2022-05-08,20.0,8.0
2022-05-09,22.0,10.0
2022-05-10,22.0,9.0
2022-05-11,19.0,8.0
2022-05-12,14.0,4.0
2022-05-13,14.0,4.0
2022-05-14,21.0,8.0
2022-05-15,22.0,10.0
2022-05-16,22.0,7.0
2022-05-17,27.0,8.0
2022-05-18,25.0,8.0
2022-05-19,27.0,10.0
2022-05-20,22.0,8.0
2022-05-21,21.0,8.0
2022-05-22,21.0,6.0
2022-05-23,16.0,1.0
2022-05-24,20.0,6.0
2022-05-25,26.0,8.0
2022-05-26,37.0,14.0
2022-05-27,36.0,15.0
2022-05-28,32.0,8.0
2022-05-29,11.0,2.0
2022-05-30,13.0,6.0
2022-05-31,24.0,10.6
2022-06-01,23.0,12.0
2022-06-02,23.0,13.0
2022-06-03,44.0,19.0
2022-06-04,32.0,16.0
2022-06-05,39.0,14.0
2022-06-06,36.0,7.0
2022-06-07,18.0,7.0
2022-06-08,15.0,4.0
2022-06-09,11.0,5.0
2022-06-10,12.0,5.0
2022-06-11,15.0,8.0
2022-06-12,19.0,9.0
2022-06-13,21.2,8.0
2022-06-14,18.8,9.0
2022-06-15,22.6,10.0
2022-06-16,24.8,16.0
2022-06-17,24.4,13.0
2022-06-18,26.0,10.0
2022-06-19,29.0,11.0
2022-06-20,22.0,6.0
2022-06-21,21.0,6.0
2022-06-22,33.0,10.0
2022-06-23,39.0,9.0
2022-06-24,25.0,7.0
2022-06-25,17.0,5.0
2022-06-26,25.0,7.0
2022-06-27,45.0,9.0
2022-06-28,43.0,9.0
2022-06-29,19.0,9.0
2022-06-30,16.0,8.8
2022-07-01,16.0,8.8
2022-07-02,28.0,11.0
2022-07-03,27.0,13.0
2022-07-04,29.0,12.0
2022-07-05,23.0,8.0
2022-07-06,21.0,7.0
2022-07-07,28.0,10.0
2022-07-08,19.0,7.0
2022-07-09,17.0,7.0
2022-07-10,23.0,7.0
2022-07-11,24.0,6.0
2022-07-12,23.0,6.0
2022-07-13,22.0,6.0
2022-07-14,28.0,8.0
2022-07-15,18.0,8.0
2022-07-16,25.0,9.0
2022-07-17,28.0,11.0
2022-07-18,33.0,12.0
2022-07-19,32.0,11.0
2022-07-20,32.0,10.0
2022-07-21,38.0,12.0
2022-07-22,36.0,13.0
2022-07-23,27.0,11.0
2022-07-24,31.0,13.0
2022-07-25,31.0,13.0
2022-07-26,27.0,11.0
2022-07-27,16.0,5.0
2022-07-28,20.0,11.0
2022-07-29,19.0,10.0
2022-07-30,14.0,6.0
2022-07-31,16.0,7.0
2022-08-01,18.0,9.0
2022-08-02,20.0,6.0
2022-08-03,18.0,7.0
2022-08-04,21.0,8.0
2022-08-05,24.0,9.0
2022-08-06,24.0,10.0
2022-08-07,12.0,6.0
2022-08-08,15.0,6.0
2022-08-09,24.0,12.0
2022-08-10,20.0,9.0
2022-08-11,21.0,9.0
2022-08-12,13.0,7.0
2022-08-13,8.0,4.0
2022-08-14,9.0,3.0
2022-08-15,13.0,4.0
2022-08-16,19.0,5.0
2022-08-17,22.0,6.0
2022-08-18,13.0,4.0
2022-08-19,9.0,3.0
2022-08-20,9.0,4.0
2022-08-21,9.0,5.0
2022-08-22,13.0,5.0
2022-08-23,15.0,6.0
2022-08-24,17.0,6.0
2022-08-25,18.0,6.0
2022-08-26,17.0,7.0
2022-08-27,14.0,5.0
2022-08-28,13.0,6.0
2022-08-29,16.0,7.0
2022-08-30,16.0,8.0
2022-08-31,20.0,9.0
2022-09-01,15.0,4.0
2022-09-02,19.0,7.0
2022-09-03,23.0,10.0
2022-09-04,20.0,8.0
2022-09-05,24.0,10.0
2022-09-06,34.0,6.0
2022-09-07,30.0,11.0
2022-09-08,24.0,7.0
2022-09-09,21.0,7.0
2022-09-10,22.0,7.0
2022-09-11,28.0,6.0
2022-09-12,31.0,9.0
2022-09-13,34.0,7.0
2022-09-14,21.0,5.0
2022-09-15,23.0,5.0
2022-09-16,19.0,4.0
2022-09-17,8.0,3.0
2022-09-18,6.0,4.0
2022-09-19,16.0,8.0
2022-09-20,21.0,10.0
2022-09-21,17.0,8.0
2022-09-22,21.0,7.0
2022-09-23,19.0,7.0
2022-09-24,28.0,13.0
2022-09-25,18.0,9.0
2022-09-26,13.0,3.0
2022-09-27,13.0,0.0
2022-09-28,15.0,1.0
2022-09-29,12.0,2.0
2022-09-30,17.0,9.0
2022-10-01,12.0,6.0
2022-10-02,15.0,6.0
2022-10-03,26.0,12.0
2022-10-04,29.0,15.0
2022-10-05,32.0,17.0
2022-10-06,38.0,19.0
2022-10-07,40.0,20.0
2022-10-08,32.0,16.0
2022-10-09,31.8,19.1
2022-10-10,24.0,10.0
2022-10-11,35.0,17.0
2022-10-12,41.0,19.0
2022-10-13,37.0,15.0
2022-10-14,42.0,17.0
2022-10-15,42.0,21.0
2022-10-16,41.0,20.0
2022-10-17,45.0,22.0
2022-10-18,54.0,32.0
2022-10-19,47.0,26.0
2022-10-20,73.0,42.0
2022-10-21,65.0,39.0
2022-10-22,41.0,21.0
2022-10-23,40.0,21.0
2022-10-24,37.0,15.0
2022-10-25,50.0,17.0
2022-10-26,46.0,20.0
2022-10-27,67.0,28.0
2022-10-28,69.0,28.0
2022-10-29,37.0,15.0
2022-10-30,29.0,9.0
2022-10-31,35.0,12.0
2022-11-01,30.0,11.0
2022-11-02,32.0,20.0
2022-11-03,33.0,15.0
2022-11-04,15.0,5.0
2022-11-05,10.0,4.0
2022-11-06,19.0,12.0
2022-11-07,31.0,23.0
2022-11-08,49.0,37.0
2022-11-09,58.0,44.0
2022-11-10,45.0,35.0
2022-11-11,50.0,31.0
2022-11-12,29.0,16.0
2022-11-13,25.0,15.0
2022-11-14,30.0,20.0
2022-11-15,21.0,11.0
2022-11-16,13.0,6.0
2022-11-17,22.0,12.0
2022-11-18,36.0,19.0
2022-11-19,32.0,20.0
2022-11-20,42.0,27.0
2022-11-21,28.0,21.0
2022-11-22,12.0,5.0
2022-11-23,20.0,11.0
2022-11-24,24.0,10.6
2022-11-25,52.0,41.0
2022-11-26,62.0,53.0
2022-11-27,37.0,31.0
2022-11-28,46.0,39.0
2022-11-29,47.0,39.0
2022-11-30,32.0,25.0
2022-12-01,49.0,38.0
2022-12-02,25.0,18.0
2022-12-03,16.0,11.0
2022-12-04,11.0,6.0
2022-12-05,19.0,9.0
2022-12-06,23.0,13.0
2022-12-07,34.0,25.0
2022-12-08,47.0,37.0
2022-12-09,24.0,18.0
2022-12-10,24.0,19.0
2022-12-11,16.0,11.0
2022-12-12,22.0,17.0
2022-12-13,27.0,23.0
2022-12-14,28.0,18.0
2022-12-15,34.0,28.0
2022-12-16,20.0,16.0
2022-12-17,37.0,30.0
2022-12-18,42.0,34.0
2022-12-19,53.0,41.0
2022-12-20,57.0,47.0
2022-12-21,34.0,24.0
2022-12-22,36.0,23.0
2022-12-23,44.0,32.0
2022-12-24,59.0,43.0
2022-12-25,61.0,41.0
2022-12-26,49.0,35.0
2022-12-27,42.0,32.0
2022-12-28,52.0,35.0
2022-12-29,54.0,34.0
2022-12-30,40.0,26.0
2022-12-31,51.0,40.0
